step_bin,log_value_bin,count
0,0,1
0,13,1
0,21,1
0,26,1
0,31,1
0,34,1
0,37,1
0,40,1
0,42,1
0,44,1
0,46,1
0,47,1
0,49,1
0,50,1
0,52,1
0,53,1
0,54,1
0,55,1
0,56,1
0,57,1
0,58,1
0,59,1
0,60,1
0,61,1
0,62,2
0,63,1
0,64,1
0,65,2
0,66,2
0,67,1
0,68,2
0,69,2
0,70,2
0,71,2
0,72,2
0,73,3
0,74,2
0,75,3
0,76,2
0,77,3
0,78,3
0,79,4
0,80,3
0,81,3
0,82,4
0,83,4
0,84,4
0,85,5
0,86,4
0,87,5
0,88,5
0,89,5
0,90,6
0,91,6
0,92,6
0,93,7
0,94,7
0,95,7
0,96,8
0,97,8
0,98,8
0,99,9
0,100,10
0,101,10
0,102,10
0,103,11
0,104,12
0,105,12
0,106,13
0,107,13
0,108,15
0,109,15
0,110,16
0,111,16
0,112,18
0,113,18
0,114,20
0,115,20
0,116,22
0,117,23
0,118,24
0,119,25
0,120,27
0,121,28
0,122,29
0,123,31
0,124,33
0,125,34
0,126,37
0,127,38
0,128,40
0,129,43
0,130,44
0,131,47
0,132,50
0,133,19
1,0,1
1,13,1
1,21,1
1,26,1
1,31,1
1,34,1
1,37,1
1,40,1
1,42,1
1,44,2
1,46,1
1,47,1
1,49,1
1,50,1
1,52,1
1,53,2
1,54,1
1,55,1
1,56,1
1,57,1
1,58,1
1,59,2
1,60,1
1,61,1
1,62,2
1,63,1
1,64,2
1,65,2
1,66,2
1,67,1
1,68,3
1,69,2
1,70,2
1,71,3
1,72,2
1,73,4
1,74,2
1,75,3
1,76,3
1,77,3
1,78,4
1,79,4
1,80,4
1,81,3
1,82,5
1,83,5
1,84,4
1,85,6
1,86,5
1,87,6
1,88,6
1,89,5
1,90,7
1,91,7
1,92,7
1,93,9
1,94,8
1,95,8
1,96,9
1,97,10
1,98,9
1,99,10
1,100,12
1,101,12
1,102,11
1,103,13
1,104,14
1,105,14
1,106,15
1,107,16
1,108,17
1,109,18
1,110,18
1,111,19
1,112,21
1,113,21
1,114,23
1,115,24
1,116,25
1,117,27
1,118,28
1,119,29
1,120,5
1,121,4
1,122,5
1,123,5
1,124,6
1,125,6
1,126,6
1,127,6
1,128,7
1,129,7
1,130,7
1,131,8
1,132,8
1,133,9
1,134,9
1,135,10
1,136,10
1,137,11
1,138,11
1,139,12
1,140,12
1,141,14
1,142,13
1,143,15
1,144,15
1,145,17
1,146,17
1,147,18
1,148,18
1,149,20
1,150,21
1,151,22
1,152,24
1,153,24
1,154,15
2,0,1
2,13,1
2,21,1
2,26,1
2,31,2
2,34,1
2,37,1
2,40,2
2,42,1
2,44,2
2,46,2
2,47,1
2,49,1
2,50,2
2,52,1
2,53,2
2,54,2
2,55,1
2,56,1
2,57,2
2,58,1
2,59,2
2,60,2
2,61,1
2,62,3
2,63,1
2,64,2
2,65,3
2,66,3
2,67,1
2,68,4
2,69,2
2,70,3
2,71,4
2,72,2
2,73,5
2,74,3
2,75,4
2,76,4
2,77,4
2,78,5
2,79,5
2,80,5
2,81,4
2,82,6
2,83,7
2,84,5
2,85,8
2,86,6
2,87,8
2,88,7
2,89,7
2,90,9
2,91,9
2,92,9
2,93,11
2,94,11
2,95,10
2,96,12
2,97,12
2,98,12
2,99,13
2,100,15
2,101,16
2,102,14
2,103,17
2,104,18
2,105,18
2,106,14
2,107,7
2,108,7
2,109,8
2,110,8
2,111,8
2,112,9
2,113,9
2,114,10
2,115,10
2,116,11
2,117,11
2,118,12
2,119,13
2,120,14
2,121,13
2,122,15
2,123,15
2,124,17
2,125,17
2,126,19
2,127,18
2,128,21
2,129,21
2,130,22
2,131,23
2,132,25
2,133,26
2,134,28
2,135,29
2,136,30
2,137,33
2,138,33
2,139,36
2,140,37
2,141,8
3,0,1
3,13,1
3,21,1
3,26,2
3,31,2
3,34,1
3,37,2
3,40,2
3,42,1
3,44,3
3,46,2
3,47,1
3,49,2
3,50,2
3,52,1
3,53,4
3,54,2
3,55,1
3,56,2
3,57,2
3,58,1
3,59,3
3,60,2
3,61,1
3,62,4
3,63,1
3,64,3
3,65,3
3,66,4
3,67,1
3,68,6
3,69,3
3,70,3
3,71,5
3,72,3
3,73,6
3,74,3
3,75,5
3,76,6
3,77,5
3,78,6
3,79,6
3,80,6
3,81,5
3,82,9
3,83,8
3,84,6
3,85,10
3,86,8
3,87,10
3,88,9
3,89,8
3,90,12
3,91,11
3,92,11
3,93,10
3,94,6
3,95,6
3,96,7
3,97,8
3,98,6
3,99,7
3,100,10
3,101,10
3,102,7
3,103,11
3,104,10
3,105,11
3,106,11
3,107,13
3,108,12
3,109,14
3,110,14
3,111,14
3,112,16
3,113,16
3,114,18
3,115,18
3,116,19
3,117,21
3,118,21
3,119,22
3,120,25
3,121,23
3,122,27
3,123,27
3,124,30
3,125,31
3,126,33
3,127,27
3,128,2
3,129,2
3,130,3
3,131,2
3,132,3
3,133,3
3,134,3
3,135,3
3,136,4
3,137,3
3,138,4
3,139,4
3,140,4
3,141,5
3,142,4
3,143,5
3,144,5
3,145,6
3,146,5
3,147,6
3,148,6
3,149,7
3,150,7
3,151,7
3,152,8
3,153,8
3,154,9
3,155,9
3,156,10
3,157,10
3,158,10
3,159,11
3,160,12
3,161,12
3,162,6
4,0,1
4,13,2
4,21,1
4,26,2
4,31,3
4,34,1
4,37,2
4,40,4
4,42,1
4,44,3
4,46,3
4,47,1
4,49,2
4,50,3
4,52,1
4,53,4
4,54,4
4,55,1
4,56,2
4,57,3
4,58,1
4,59,4
4,60,3
4,61,1
4,62,6
4,63,1
4,64,3
4,65,4
4,66,5
4,67,1
4,68,8
4,69,3
4,70,4
4,71,7
4,72,3
4,73,8
4,74,4
4,75,6
4,76,8
4,77,6
4,78,8
4,79,7
4,80,4
4,81,3
4,82,7
4,83,7
4,84,4
4,85,7
4,86,6
4,87,8
4,88,6
4,89,5
4,90,9
4,91,9
4,92,7
4,93,12
4,94,10
4,95,9
4,96,12
4,97,10
4,98,11
4,99,11
4,100,15
4,101,16
4,102,12
4,103,16
4,104,16
4,105,18
4,106,16
4,107,19
4,108,20
4,109,22
4,110,23
4,111,21
4,112,25
4,113,25
4,114,16
4,115,4
4,116,4
4,117,6
4,118,5
4,119,5
4,120,7
4,121,5
4,122,8
4,123,6
4,124,8
4,125,7
4,126,9
4,127,8
4,128,9
4,129,9
4,130,10
4,131,10
4,132,12
4,133,11
4,134,13
4,135,12
4,136,14
4,137,14
4,138,15
4,139,16
4,140,17
4,141,17
4,142,19
4,143,19
4,144,21
4,145,21
4,146,23
4,147,24
4,148,24
4,149,2
5,0,2
5,13,2
5,21,1
5,26,4
5,31,3
5,34,1
5,37,3
5,40,4
5,42,1
5,44,4
5,46,4
5,47,1
5,49,4
5,50,3
5,52,1
5,53,6
5,54,4
5,55,1
5,56,3
5,57,4
5,58,1
5,59,6
5,60,3
5,61,1
5,62,7
5,63,1
5,64,4
5,65,5
5,66,6
5,68,8
5,69,2
5,70,3
5,71,7
5,72,2
5,73,6
5,74,3
5,75,5
5,76,9
5,77,5
5,78,7
5,79,5
5,80,6
5,81,5
5,82,10
5,83,10
5,84,5
5,85,11
5,86,8
5,87,12
5,88,8
5,89,8
5,90,14
5,91,12
5,92,11
5,93,18
5,94,13
5,95,13
5,96,17
5,97,17
5,98,15
5,99,16
5,100,22
5,101,7
5,102,4
5,103,7
5,104,5
5,105,7
5,106,6
5,107,8
5,108,7
5,109,7
5,110,9
5,111,9
5,112,9
5,113,9
5,114,11
5,115,9
5,116,11
5,117,13
5,118,12
5,119,13
5,120,15
5,121,13
5,122,16
5,123,16
5,124,18
5,125,17
5,126,20
5,127,19
5,128,21
5,129,21
5,130,24
5,131,24
5,132,26
5,133,27
5,134,29
5,135,19
5,136,1
5,137,1
5,138,1
5,139,2
5,140,1
5,141,2
5,142,1
5,143,2
5,144,1
5,145,2
5,146,2
5,147,2
5,148,2
5,149,2
5,150,3
5,151,2
5,152,3
5,153,2
5,154,3
5,155,3
5,156,4
5,157,3
5,158,3
5,159,4
5,160,4
5,161,4
5,162,4
5,163,5
5,164,5
5,165,5
5,166,5
5,167,6
5,168,6
5,169,6
5,170,2
6,0,2
6,13,4
6,21,1
6,26,4
6,31,4
6,34,1
6,37,3
6,40,6
6,42,1
6,44,5
6,46,6
6,47,1
6,49,4
6,50,4
6,52,1
6,53,5
6,54,5
6,56,3
6,57,5
6,59,6
6,60,3
6,62,8
6,64,4
6,65,5
6,66,6
6,68,11
6,69,3
6,70,5
6,71,10
6,72,2
6,73,9
6,74,5
6,75,6
6,76,12
6,77,8
6,78,9
6,79,7
6,80,9
6,81,6
6,82,13
6,83,14
6,84,8
6,85,15
6,86,11
6,87,14
6,88,3
6,89,3
6,90,9
6,91,5
6,92,4
6,93,10
6,94,6
6,95,6
6,96,9
6,97,7
6,98,9
6,99,6
6,100,10
6,101,12
6,102,9
6,103,13
6,104,9
6,105,13
6,106,12
6,107,13
6,108,15
6,109,14
6,110,17
6,111,16
6,112,16
6,113,19
6,114,20
6,115,18
6,116,21
6,117,23
6,118,24
6,119,24
6,120,29
6,121,24
6,122,13
6,123,2
6,124,5
6,125,2
6,126,3
6,127,5
6,128,3
6,129,3
6,130,4
6,131,5
6,132,5
6,133,5
6,134,5
6,135,5
6,136,5
6,137,6
6,138,7
6,139,7
6,140,6
6,141,8
6,142,7
6,143,9
6,144,8
6,145,9
6,146,9
6,147,10
6,148,10
6,149,12
6,150,12
6,151,11
6,152,14
6,153,13
6,154,15
6,155,15
6,156,13
7,0,4
7,13,4
7,21,1
7,26,6
7,31,5
7,34,1
7,37,4
7,40,5
7,44,6
7,46,6
7,49,6
7,50,4
7,53,7
7,54,6
7,56,5
7,57,7
7,59,8
7,60,4
7,62,9
7,64,6
7,65,6
7,66,9
7,68,14
7,69,5
7,70,6
7,71,14
7,72,3
7,73,12
7,74,6
7,75,3
7,76,8
7,77,5
7,78,6
7,79,2
7,80,5
7,81,4
7,82,8
7,83,9
7,84,3
7,85,8
7,86,7
7,87,12
7,88,5
7,89,7
7,90,13
7,91,8
7,92,9
7,93,16
7,94,9
7,95,10
7,96,15
7,97,15
7,98,14
7,99,11
7,100,17
7,101,18
7,102,15
7,103,22
7,104,17
7,105,20
7,106,20
7,107,24
7,108,22
7,109,3
7,110,5
7,111,6
7,112,3
7,113,5
7,114,6
7,115,4
7,116,6
7,117,6
7,118,6
7,119,8
7,120,7
7,121,7
7,122,8
7,123,8
7,124,11
7,125,7
7,126,10
7,127,11
7,128,9
7,129,11
7,130,13
7,131,12
7,132,14
7,133,14
7,134,14
7,135,15
7,136,16
7,137,16
7,138,19
7,139,20
7,140,19
7,141,22
7,142,21
7,143,11
7,144,1
7,146,1
7,147,1
7,149,1
7,150,1
7,151,1
7,152,1
7,154,1
7,155,1
7,156,2
7,157,1
7,158,1
7,159,1
7,160,1
7,161,2
7,162,1
7,163,2
7,164,1
7,165,2
7,166,2
7,167,2
7,168,2
7,169,2
7,170,2
7,171,2
7,172,3
7,173,2
7,174,3
7,175,3
7,176,3
7,177,3
8,0,4
8,13,6
8,21,1
8,26,5
8,31,6
8,37,4
8,40,7
8,44,8
8,46,8
8,49,6
8,50,6
8,53,9
8,54,9
8,56,6
8,57,10
8,59,10
8,60,6
8,62,6
8,64,3
8,65,5
8,66,4
8,68,10
8,69,4
8,70,4
8,71,11
8,72,1
8,73,8
8,74,6
8,75,5
8,76,12
8,77,8
8,78,9
8,79,4
8,80,8
8,81,5
8,82,13
8,83,14
8,84,7
8,85,12
8,86,10
8,87,18
8,88,9
8,89,11
8,90,19
8,91,13
8,92,13
8,93,25
8,94,16
8,95,10
8,96,6
8,97,6
8,98,6
8,99,2
8,100,6
8,101,6
8,102,7
8,103,9
8,104,4
8,105,9
8,106,5
8,107,10
8,108,7
8,109,8
8,110,11
8,111,12
8,112,8
8,113,11
8,114,13
8,115,11
8,116,13
8,117,12
8,118,14
8,119,16
8,120,17
8,121,15
8,122,19
8,123,17
8,124,23
8,125,17
8,126,23
8,127,23
8,128,22
8,129,25
8,130,5
8,131,1
8,132,3
8,133,2
8,134,1
8,135,3
8,136,2
8,137,1
8,138,4
8,139,2
8,140,3
8,141,3
8,142,3
8,143,3
8,144,4
8,145,3
8,146,5
8,147,3
8,148,3
8,149,6
8,150,5
8,151,4
8,152,6
8,153,4
8,154,6
8,155,6
8,156,8
8,157,6
8,158,7
8,159,8
8,160,6
8,161,9
8,162,9
8,163,9
8,164,7
9,0,6
9,13,5
9,26,7
9,31,8
9,37,6
9,40,9
9,44,11
9,46,10
9,49,5
9,50,3
9,53,8
9,54,7
9,56,4
9,57,9
9,59,9
9,60,3
9,62,9
9,64,5
9,65,7
9,66,7
9,68,15
9,69,6
9,70,6
9,71,15
9,72,2
9,73,11
9,74,8
9,75,8
9,76,17
9,77,12
9,78,13
9,79,7
9,80,12
9,81,8
9,82,14
9,83,6
9,84,3
9,85,4
9,86,6
9,87,7
9,88,3
9,89,6
9,90,9
9,91,6
9,92,6
9,93,11
9,94,5
9,95,8
9,96,12
9,97,10
9,98,10
9,99,6
9,100,12
9,101,12
9,102,12
9,103,15
9,104,10
9,105,15
9,106,13
9,107,16
9,108,18
9,109,14
9,110,22
9,111,20
9,112,18
9,113,21
9,114,23
9,115,21
9,116,20
9,117,3
9,118,3
9,119,5
9,120,4
9,121,2
9,122,3
9,123,4
9,124,7
9,125,2
9,126,5
9,127,4
9,128,5
9,129,6
9,130,5
9,131,6
9,132,8
9,133,6
9,134,6
9,135,8
9,136,7
9,137,6
9,138,11
9,139,8
9,140,11
9,141,8
9,142,12
9,143,10
9,144,12
9,145,11
9,146,14
9,147,14
9,148,11
9,149,16
9,150,18
9,151,4
9,154,1
9,156,1
9,159,1
9,161,1
9,163,1
9,165,1
9,167,1
9,168,1
9,170,1
9,171,1
9,172,1
9,174,1
9,175,1
9,176,1
9,177,1
9,178,1
9,179,2
9,180,1
9,181,1
9,182,1
9,183,2
9,184,1
9,185,2
10,0,5
10,13,7
10,26,9
10,31,11
10,37,3
10,40,8
10,44,9
10,46,9
10,49,7
10,50,5
10,53,12
10,54,10
10,56,6
10,57,12
10,59,13
10,60,4
10,62,14
10,64,7
10,65,9
10,66,11
10,68,21
10,69,3
10,70,3
10,71,9
10,72,1
10,73,6
10,74,4
10,75,3
10,76,10
10,77,6
10,78,7
10,79,2
10,80,6
10,81,3
10,82,11
10,83,11
10,84,5
10,85,8
10,86,9
10,87,14
10,88,6
10,89,9
10,90,15
10,91,11
10,92,10
10,93,19
10,94,9
10,95,13
10,96,21
10,97,16
10,98,18
10,99,13
10,100,21
10,101,21
10,102,21
10,103,15
10,105,7
10,106,3
10,107,4
10,108,5
10,109,1
10,110,9
10,111,8
10,112,5
10,113,7
10,114,5
10,115,6
10,116,6
10,117,7
10,118,6
10,119,13
10,120,9
10,121,5
10,122,10
10,123,9
10,124,14
10,125,9
10,126,11
10,127,14
10,128,11
10,129,17
10,130,13
10,131,15
10,132,18
10,133,16
10,134,17
10,135,18
10,136,18
10,137,18
10,138,3
10,140,2
10,143,2
10,144,3
10,146,2
10,148,2
10,149,3
10,150,2
10,152,4
10,153,1
10,154,2
10,155,3
10,156,4
10,158,5
10,159,2
10,160,2
10,161,5
10,162,2
10,163,5
10,164,2
10,165,5
10,166,5
10,167,2
10,168,7
10,169,4
10,170,4
10,171,6
10,172,3
11,0,7
11,13,9
11,26,8
11,31,9
11,37,5
11,40,12
11,44,12
11,46,13
11,49,11
11,50,7
11,53,17
11,54,13
11,56,3
11,57,8
11,59,8
11,60,1
11,62,7
11,64,4
11,65,5
11,66,5
11,68,14
11,69,5
11,70,6
11,71,14
11,72,2
11,73,10
11,74,6
11,75,5
11,76,15
11,77,10
11,78,11
11,79,5
11,80,9
11,81,5
11,82,17
11,83,17
11,84,6
11,85,15
11,86,15
11,87,23
11,88,11
11,89,14
11,90,15
11,91,3
11,92,5
11,93,5
11,94,3
11,95,4
11,96,7
11,97,7
11,98,7
11,99,5
11,100,8
11,101,7
11,102,8
11,103,10
11,104,1
11,105,10
11,106,8
11,107,10
11,108,12
11,109,6
11,110,14
11,111,15
11,112,12
11,113,16
11,114,12
11,115,11
11,116,18
11,117,16
11,118,14
11,119,24
11,120,21
11,121,11
11,122,21
11,123,23
11,124,13
11,125,1
11,126,2
11,127,1
11,128,3
11,129,3
11,130,4
11,131,3
11,132,5
11,133,1
11,134,1
11,135,3
11,136,3
11,137,2
11,138,7
11,139,5
11,140,6
11,141,1
11,142,5
11,143,4
11,144,7
11,145,6
11,146,5
11,147,5
11,148,4
11,149,11
11,150,7
11,151,5
11,152,8
11,153,10
11,154,7
11,155,9
11,156,15
11,157,5
11,158,12
11,159,2
11,161,1
11,167,1
11,171,1
11,175,1
11,178,1
11,180,1
11,183,1
11,185,1
11,186,1
11,188,1
11,190,1
11,191,1
11,192,1
12,0,9
12,13,8
12,26,12
12,31,12
12,37,7
12,40,17
12,44,8
12,46,8
12,49,7
12,50,4
12,53,12
12,54,10
12,56,6
12,57,12
12,59,12
12,60,3
12,62,11
12,64,7
12,65,8
12,66,8
12,68,21
12,69,7
12,70,9
12,71,20
12,72,4
12,73,15
12,74,10
12,75,9
12,76,22
12,77,3
12,78,4
12,79,1
12,80,2
12,81,1
12,82,5
12,83,7
12,84,3
12,85,6
12,86,7
12,87,11
12,88,4
12,89,6
12,90,13
12,91,5
12,92,7
12,93,12
12,94,6
12,95,8
12,96,13
12,97,11
12,98,14
12,99,11
12,100,16
12,101,13
12,102,15
12,103,17
12,104,8
12,105,18
12,106,18
12,107,22
12,108,19
12,109,14
12,110,25
12,111,11
12,112,1
12,113,7
12,114,3
12,115,4
12,116,5
12,117,3
12,118,4
12,119,7
12,120,4
12,121,1
12,122,2
12,123,4
12,124,7
12,125,4
12,126,6
12,127,7
12,128,6
12,129,8
12,130,9
12,131,9
12,132,11
12,133,5
12,134,5
12,135,8
12,136,11
12,137,8
12,138,17
12,139,13
12,140,16
12,141,5
12,142,15
12,143,14
12,144,18
12,145,13
12,146,1
12,148,1
12,152,2
12,154,2
12,156,3
12,158,1
12,160,1
12,161,3
12,163,3
12,164,1
12,166,2
12,167,2
12,168,3
12,169,1
12,170,1
12,171,3
12,172,3
12,173,1
12,174,2
12,175,3
12,176,3
12,177,2
12,178,4
12,179,2
12,180,1
13,0,8
13,13,12
13,26,17
13,31,8
13,37,4
13,40,12
13,44,12
13,46,12
13,49,10
13,50,7
13,53,16
13,54,15
13,56,9
13,57,17
13,59,17
13,60,5
13,62,17
13,64,3
13,65,3
13,66,2
13,68,9
13,69,3
13,70,4
13,71,11
13,72,2
13,73,6
13,74,5
13,75,4
13,76,14
13,77,6
13,78,8
13,79,3
13,80,6
13,81,2
13,82,11
13,83,12
13,84,5
13,85,11
13,86,12
13,87,20
13,88,7
13,89,10
13,90,20
13,91,10
13,92,13
13,93,24
13,94,13
13,95,15
13,96,23
13,97,19
13,98,8
13,99,2
13,100,6
13,101,4
13,102,5
13,103,5
13,105,8
13,106,4
13,107,5
13,108,6
13,109,1
13,110,8
13,111,11
13,112,5
13,113,12
13,114,7
13,115,7
13,116,12
13,117,9
13,118,7
13,119,15
13,120,11
13,121,5
13,122,8
13,123,12
13,124,18
13,125,13
13,126,13
13,127,16
13,128,13
13,129,18
13,130,18
13,131,23
13,132,8
13,135,1
13,136,2
13,138,5
13,139,2
13,140,4
13,142,2
13,143,2
13,144,4
13,145,1
13,146,3
13,147,2
13,148,2
13,149,2
13,150,3
13,151,1
13,152,5
13,153,5
13,154,3
13,155,4
13,156,7
13,157,3
13,158,3
13,159,4
13,160,3
13,161,12
13,162,3
13,163,8
13,164,5
13,165,5
13,166,7
13,175,1
13,183,1
13,188,1
13,192,1
13,196,1
13,199,1
14,0,12
14,13,17
14,26,12
14,31,12
14,37,7
14,40,16
14,44,17
14,46,17
14,49,14
14,50,3
14,53,9
14,54,8
14,56,4
14,57,10
14,59,9
14,60,1
14,62,11
14,64,5
14,65,6
14,66,6
14,68,16
14,69,5
14,70,7
14,71,17
14,72,3
14,73,12
14,74,9
14,75,7
14,76,21
14,77,11
14,78,14
14,79,6
14,80,12
14,81,6
14,82,20
14,83,20
14,84,8
14,85,1
14,86,4
14,87,8
14,88,1
14,89,5
14,90,5
14,91,3
14,92,6
14,93,6
14,94,6
14,95,6
14,96,7
14,97,7
14,98,11
14,99,5
14,100,11
14,101,8
14,102,11
14,103,11
14,104,2
14,105,13
14,106,11
14,107,12
14,108,14
14,109,4
14,110,18
14,111,19
14,112,14
14,113,19
14,114,16
14,115,13
14,116,22
14,117,20
14,118,17
14,119,10
14,120,3
14,121,1
14,123,2
14,124,4
14,125,3
14,126,3
14,127,3
14,128,3
14,129,2
14,130,3
14,131,5
14,132,6
14,133,2
14,134,3
14,135,3
14,136,4
14,137,2
14,138,10
14,139,8
14,140,8
14,141,1
14,142,6
14,143,7
14,144,11
14,145,6
14,146,8
14,147,9
14,148,8
14,149,10
14,150,10
14,151,6
14,152,13
14,153,10
14,154,1
14,156,1
14,160,1
14,161,2
14,163,1
14,168,1
14,169,1
14,171,2
14,172,1
14,174,1
14,175,2
14,176,1
14,178,1
14,179,1
14,180,2
14,181,1
14,182,1
14,183,3
14,185,1
14,186,3
14,187,1
15,0,17
15,13,12
15,26,16
15,31,17
15,37,3
15,40,9
15,44,10
15,46,9
15,49,10
15,50,5
15,53,15
15,54,12
15,56,7
15,57,15
15,59,16
15,60,3
15,62,17
15,64,8
15,65,10
15,66,10
15,68,25
15,69,8
15,70,11
15,71,23
15,73,3
15,74,3
15,75,1
15,76,9
15,77,3
15,78,6
15,79,1
15,80,3
15,81,2
15,82,6
15,83,8
15,84,4
15,85,4
15,86,8
15,87,15
15,88,3
15,89,9
15,90,12
15,91,6
15,92,10
15,93,14
15,94,11
15,95,11
15,96,13
15,97,15
15,98,18
15,99,12
15,100,19
15,101,19
15,102,20
15,103,22
15,104,10
15,105,20
15,106,1
15,107,3
15,108,5
15,109,1
15,110,6
15,111,6
15,112,2
15,113,8
15,114,4
15,115,3
15,116,7
15,117,5
15,118,3
15,119,10
15,120,8
15,121,3
15,122,2
15,123,7
15,124,10
15,125,7
15,126,7
15,127,8
15,128,6
15,129,8
15,130,10
15,131,11
15,132,15
15,133,6
15,134,9
15,135,12
15,136,11
15,137,10
15,138,21
15,139,19
15,140,4
15,142,1
15,144,2
15,146,2
15,147,1
15,148,2
15,150,1
15,152,2
15,153,1
15,154,2
15,155,1
15,156,3
15,157,1
15,158,1
15,159,1
15,160,2
15,161,6
15,162,1
15,163,5
15,165,3
15,166,3
15,167,4
15,168,3
15,169,4
15,170,1
15,171,5
15,172,4
15,173,3
15,174,2
15,183,1
15,196,1
15,204,1
16,0,12
16,13,16
16,26,9
16,31,10
16,37,5
16,40,15
16,44,15
16,46,16
16,49,15
16,50,8
16,53,22
16,54,18
16,56,11
16,57,22
16,59,6
16,62,8
16,64,3
16,65,4
16,66,2
16,68,10
16,69,3
16,70,5
16,71,16
16,72,1
16,73,7
16,74,6
16,75,3
16,76,16
16,77,6
16,78,10
16,79,3
16,80,7
16,81,4
16,82,12
16,83,14
16,84,6
16,85,11
16,86,14
16,87,25
16,88,8
16,89,16
16,90,23
16,91,12
16,92,13
16,93,1
16,94,5
16,95,4
16,96,4
16,97,4
16,98,5
16,99,2
16,100,8
16,101,5
16,102,8
16,103,7
16,105,9
16,106,5
16,107,7
16,108,11
16,109,2
16,110,14
16,111,13
16,112,6
16,113,14
16,114,10
16,115,8
16,116,16
16,117,13
16,118,10
16,119,21
16,120,16
16,121,8
16,122,9
16,123,16
16,124,19
16,125,17
16,126,15
16,127,1
16,128,2
16,129,2
16,131,2
16,132,3
16,133,2
16,134,1
16,135,2
16,136,2
16,138,4
16,139,4
16,140,5
16,142,3
16,144,6
16,145,1
16,146,4
16,147,6
16,148,4
16,149,2
16,150,4
16,151,1
16,152,7
16,153,5
16,154,4
16,155,6
16,156,9
16,157,4
16,158,6
16,159,7
16,160,7
16,161,8
16,168,1
16,169,1
16,171,1
16,176,1
16,180,1
16,183,2
16,187,1
16,188,2
16,190,2
16,191,1
16,193,1
16,195,1
17,0,16
17,13,9
17,26,15
17,31,15
17,37,8
17,40,22
17,44,22
17,46,6
17,49,8
17,50,3
17,53,11
17,54,9
17,56,5
17,57,14
17,59,11
17,60,1
17,62,12
17,64,5
17,65,7
17,66,6
17,68,20
17,69,5
17,70,8
17,71,24
17,72,3
17,73,13
17,74,11
17,75,8
17,76,26
17,77,12
17,78,16
17,79,1
17,81,1
17,82,3
17,83,4
17,84,1
17,86,6
17,87,9
17,88,2
17,89,7
17,90,6
17,91,3
17,92,7
17,93,6
17,94,9
17,95,8
17,96,9
17,97,11
17,98,10
17,99,5
17,100,14
17,101,11
17,102,14
17,103,16
17,104,3
17,105,18
17,106,14
17,107,15
17,108,18
17,109,6
17,110,24
17,111,25
17,112,17
17,113,17
17,114,1
17,115,3
17,116,5
17,117,3
17,118,3
17,119,7
17,120,4
17,121,1
17,122,1
17,123,2
17,124,4
17,125,4
17,126,4
17,127,3
17,128,4
17,129,5
17,130,3
17,131,6
17,132,8
17,133,4
17,134,5
17,135,5
17,136,6
17,137,1
17,138,14
17,139,9
17,140,11
17,141,1
17,142,11
17,143,7
17,144,15
17,145,9
17,146,10
17,147,14
17,148,2
17,154,1
17,155,1
17,156,3
17,158,1
17,160,2
17,161,3
17,162,1
17,163,1
17,165,1
17,167,1
17,168,3
17,169,2
17,171,4
17,173,1
17,174,2
17,175,2
17,176,3
17,177,2
17,178,1
17,179,1
17,180,2
17,181,2
17,204,1
18,0,9
18,13,15
18,26,22
18,31,22
18,37,3
18,40,11
18,44,14
18,46,11
18,49,12
18,50,5
18,53,18
18,54,17
18,56,8
18,57,21
18,59,18
18,60,3
18,62,20
18,64,9
18,65,12
18,66,1
18,68,6
18,69,1
18,70,3
18,71,9
18,73,4
18,74,3
18,75,2
18,76,10
18,77,3
18,78,6
18,79,3
18,80,2
18,81,2
18,82,7
18,83,9
18,84,4
18,85,4
18,86,10
18,87,17
18,88,4
18,89,13
18,90,13
18,91,7
18,92,13
18,93,17
18,94,15
18,95,14
18,96,20
18,97,18
18,98,21
18,99,13
18,100,14
18,102,7
18,103,4
18,105,7
18,106,3
18,107,4
18,108,7
18,109,1
18,110,8
18,111,9
18,112,3
18,113,9
18,114,4
18,115,6
18,116,11
18,117,6
18,118,7
18,119,14
18,120,8
18,121,4
18,122,5
18,123,6
18,124,11
18,125,12
18,126,11
18,127,8
18,128,7
18,129,13
18,130,11
18,131,13
18,132,17
18,133,12
18,134,6
18,135,2
18,136,2
18,138,2
18,140,3
18,142,3
18,144,3
18,147,3
18,148,4
18,149,1
18,150,1
18,152,4
18,154,2
18,155,5
18,156,5
18,157,1
18,158,3
18,159,1
18,160,4
18,161,8
18,162,3
18,163,7
18,164,2
18,165,4
18,166,2
18,167,6
18,168,8
18,169,2
18,176,1
18,188,1
18,190,1
18,195,1
18,196,1
18,198,1
18,199,1
18,201,1
19,0,15
19,13,22
19,26,11
19,31,14
19,37,5
19,40,18
19,44,21
19,46,18
19,49,19
19,50,9
19,53,22
19,54,6
19,56,3
19,57,9
19,59,7
19,62,9
19,64,3
19,65,5
19,66,3
19,68,12
19,69,3
19,70,5
19,71,17
19,72,1
19,73,8
19,74,7
19,75,4
19,76,21
19,77,5
19,78,12
19,79,6
19,80,7
19,81,5
19,82,14
19,83,20
19,84,7
19,85,12
19,86,18
19,87,7
19,89,6
19,90,3
19,91,1
19,92,5
19,93,1
19,94,7
19,95,4
19,96,5
19,97,6
19,98,7
19,99,2
19,100,8
19,101,5
19,102,12
19,103,9
19,104,1
19,105,14
19,106,8
19,107,8
19,108,13
19,109,3
19,110,15
19,111,20
19,112,10
19,113,17
19,114,11
19,115,11
19,116,22
19,117,15
19,118,12
19,119,27
19,120,19
19,121,3
19,122,1
19,123,2
19,124,2
19,125,2
19,126,4
19,127,1
19,128,3
19,129,3
19,130,1
19,131,3
19,132,4
19,133,1
19,134,2
19,135,4
19,136,4
19,137,1
19,138,6
19,139,3
19,140,6
19,142,7
19,143,2
19,144,9
19,145,1
19,146,4
19,147,6
19,148,9
19,149,4
19,150,5
19,151,2
19,152,11
19,153,5
19,154,6
19,155,12
19,156,2
19,161,1
19,162,1
19,163,1
19,168,3
19,171,1
19,174,1
19,176,3
19,177,1
19,181,1
19,182,1
19,183,2
19,184,2
19,185,1
19,186,1
19,187,1
19,188,2
19,189,1
20,0,22
20,13,11
20,26,18
20,31,21
20,37,9
20,40,22
20,44,9
20,46,7
20,49,9
20,50,3
20,53,14
20,54,11
20,56,5
20,57,16
20,59,12
20,60,1
20,62,18
20,64,5
20,65,9
20,66,7
20,68,22
20,69,8
20,70,10
20,71,29
20,72,3
20,73,13
20,74,1
20,76,6
20,77,1
20,78,4
20,79,1
20,81,2
20,82,3
20,83,6
20,84,1
20,86,6
20,87,12
20,88,2
20,89,10
20,90,7
20,91,4
20,92,10
20,93,6
20,94,12
20,95,9
20,96,11
20,97,12
20,98,15
20,99,7
20,100,16
20,101,14
20,102,20
20,103,20
20,104,3
20,105,24
20,106,18
20,107,18
20,108,10
20,110,7
20,111,4
20,112,2
20,113,6
20,114,2
20,115,3
20,116,8
20,117,3
20,118,4
20,119,9
20,120,5
20,122,3
20,123,5
20,124,6
20,125,6
20,126,8
20,127,3
20,128,5
20,129,7
20,130,4
20,131,7
20,132,10
20,133,6
20,134,6
20,135,8
20,136,8
20,137,4
20,138,15
20,139,10
20,140,12
20,141,3
20,142,7
20,144,2
20,148,3
20,149,1
20,150,1
20,152,1
20,155,3
20,156,4
20,158,1
20,160,2
20,161,3
20,162,2
20,163,5
20,165,2
20,167,1
20,168,6
20,169,2
20,170,1
20,171,7
20,172,2
20,173,1
20,174,5
20,175,2
20,176,7
20,198,1
20,204,1
21,0,11
21,13,18
21,26,22
21,31,9
21,37,3
21,40,14
21,44,16
21,46,12
21,49,18
21,50,5
21,53,23
21,54,19
21,56,10
21,57,26
21,59,22
21,62,6
21,64,1
21,65,3
21,66,1
21,68,7
21,69,2
21,70,3
21,71,10
21,73,5
21,74,4
21,75,2
21,76,12
21,77,3
21,78,8
21,79,4
21,80,2
21,81,4
21,82,8
21,83,13
21,84,3
21,85,4
21,86,12
21,87,23
21,88,6
21,89,16
21,90,16
21,91,10
21,92,17
21,93,19
21,94,13
21,95,1
21,96,2
21,97,5
21,98,5
21,99,2
21,100,5
21,101,1
21,102,10
21,103,4
21,105,11
21,106,4
21,107,3
21,108,9
21,109,2
21,110,12
21,111,10
21,112,6
21,113,12
21,114,5
21,115,6
21,116,14
21,117,8
21,118,7
21,119,21
21,120,12
21,121,3
21,122,7
21,123,10
21,124,16
21,125,13
21,126,14
21,127,10
21,128,10
21,129,4
21,130,1
21,131,2
21,132,1
21,134,2
21,135,2
21,136,3
21,138,3
21,139,1
21,140,2
21,142,5
21,143,1
21,144,4
21,145,1
21,146,2
21,147,1
21,148,6
21,149,3
21,150,3
21,152,5
21,153,1
21,154,1
21,155,7
21,156,7
21,157,2
21,158,4
21,159,2
21,160,7
21,161,10
21,162,6
21,163,8
21,171,1
21,176,2
21,184,1
21,185,1
21,189,1
21,190,2
21,191,1
21,192,1
21,193,1
21,195,1
21,197,1
22,0,18
22,13,22
22,26,14
22,31,16
22,37,5
22,40,23
22,44,26
22,46,22
22,49,6
22,50,1
22,53,9
22,54,7
22,56,3
22,57,10
22,59,8
22,62,11
22,64,3
22,65,6
22,66,4
22,68,14
22,69,5
22,70,6
22,71,22
22,72,1
22,73,11
22,74,9
22,75,6
22,76,23
22,77,8
22,78,15
22,79,8
22,80,8
22,81,5
22,82,1
22,83,3
22,86,4
22,87,6
22,89,8
22,90,3
22,91,3
22,92,7
22,94,8
22,95,5
22,96,7
22,97,9
22,98,9
22,99,5
22,100,11
22,101,5
22,102,15
22,103,11
22,105,20
22,106,12
22,107,10
22,108,16
22,109,5
22,110,20
22,111,22
22,112,12
22,113,23
22,114,13
22,115,12
22,116,8
22,117,2
22,118,4
22,119,4
22,120,4
22,122,2
22,123,2
22,124,4
22,125,2
22,126,5
22,127,3
22,128,3
22,129,2
22,130,3
22,131,5
22,132,4
22,133,4
22,134,3
22,135,4
22,136,6
22,137,1
22,138,8
22,139,3
22,140,7
22,142,12
22,143,2
22,144,10
22,145,5
22,146,6
22,147,6
22,148,12
22,149,7
22,150,4
22,156,3
22,158,1
22,160,1
22,162,2
22,163,3
22,168,1
22,169,1
22,171,5
22,173,1
22,176,4
22,177,2
22,178,1
22,179,3
22,180,2
22,182,2
22,183,2
22,184,3
23,0,22
23,13,14
23,26,23
23,31,26
23,37,1
23,40,9
23,44,10
23,46,8
23,49,11
23,50,3
23,53,17
23,54,13
23,56,6
23,57,21
23,59,14
23,60,2
23,62,21
23,64,8
23,65,12
23,66,10
23,68,22
23,70,2
23,71,6
23,73,3
23,74,1
23,76,7
23,77,2
23,78,4
23,79,1
23,81,1
23,82,4
23,83,9
23,84,1
23,85,1
23,86,8
23,87,14
23,88,1
23,89,12
23,90,9
23,91,7
23,92,14
23,93,7
23,94,13
23,95,11
23,96,14
23,97,16
23,98,19
23,99,8
23,100,20
23,101,15
23,102,15
23,103,1
23,105,8
23,106,2
23,107,3
23,108,5
23,109,1
23,110,10
23,111,5
23,112,2
23,113,11
23,114,3
23,115,2
23,116,11
23,117,5
23,118,6
23,119,12
23,120,9
23,121,1
23,122,4
23,123,6
23,124,8
23,125,5
23,126,10
23,127,7
23,128,7
23,129,6
23,130,8
23,131,10
23,132,12
23,133,9
23,134,8
23,135,10
23,136,12
23,138,3
23,140,1
23,142,3
23,143,1
23,144,3
23,147,1
23,148,1
23,149,2
23,150,3
23,152,2
23,155,2
23,156,5
23,157,2
23,158,2
23,160,4
23,161,2
23,162,3
23,163,9
23,165,4
23,166,1
23,167,2
23,168,5
23,169,4
23,170,2
23,171,6
23,193,1
23,197,1
23,198,1
23,199,1
23,203,1
23,205,1
24,0,14
24,13,23
24,26,9
24,31,10
24,37,3
24,40,17
24,44,21
24,46,14
24,49,20
24,50,8
24,53,30
24,54,22
24,56,2
24,57,6
24,59,4
24,62,7
24,64,2
24,65,4
24,68,8
24,69,3
24,70,4
24,71,12
24,72,1
24,73,7
24,74,4
24,75,1
24,76,14
24,77,5
24,78,9
24,79,4
24,80,3
24,81,3
24,82,11
24,83,19
24,84,3
24,85,5
24,86,15
24,87,29
24,88,5
24,89,14
24,90,1
24,91,1
24,92,3
24,94,5
24,95,2
24,96,3
24,97,7
24,98,5
24,99,4
24,100,8
24,101,1
24,102,10
24,103,5
24,105,15
24,106,6
24,107,7
24,108,10
24,109,3
24,110,16
24,111,13
24,112,5
24,113,19
24,114,9
24,115,6
24,116,19
24,117,10
24,118,9
24,119,25
24,120,16
24,121,5
24,122,9
24,123,10
24,124,2
24,125,2
24,126,4
24,127,3
24,128,2
24,129,1
24,130,2
24,131,3
24,132,2
24,134,1
24,135,2
24,136,4
24,138,6
24,139,2
24,140,3
24,142,6
24,143,2
24,144,7
24,145,1
24,146,2
24,147,2
24,148,5
24,149,4
24,150,7
24,152,10
24,153,2
24,154,1
24,155,9
24,156,10
24,157,4
24,158,2
24,163,2
24,168,1
24,171,3
24,176,1
24,179,2
24,184,2
24,185,2
24,188,2
24,190,2
24,191,2
25,0,23
25,13,9
25,26,17
25,31,21
25,37,8
25,40,30
25,44,6
25,46,4
25,49,7
25,50,2
25,53,10
25,54,8
25,56,4
25,57,12
25,59,9
25,60,1
25,62,13
25,64,5
25,65,8
25,66,4
25,68,16
25,69,7
25,70,8
25,71,25
25,72,2
25,73,14
25,74,11
25,75,4
25,76,22
25,78,3
25,81,1
25,82,1
25,83,5
25,86,4
25,87,8
25,89,8
25,90,4
25,91,5
25,92,7
25,93,4
25,94,9
25,95,6
25,96,7
25,97,12
25,98,12
25,99,7
25,100,16
25,101,5
25,102,17
25,103,12
25,105,26
25,106,13
25,107,12
25,108,20
25,109,6
25,110,15
25,111,2
25,112,2
25,113,8
25,114,2
25,115,2
25,116,6
25,117,4
25,118,5
25,119,5
25,120,6
25,121,1
25,122,4
25,123,2
25,124,5
25,125,4
25,126,8
25,127,5
25,128,5
25,129,3
25,130,5
25,131,6
25,132,5
25,133,2
25,134,3
25,135,7
25,136,9
25,137,2
25,138,13
25,139,7
25,140,8
25,141,2
25,142,14
25,143,6
25,144,12
25,150,2
25,152,1
25,155,1
25,156,1
25,157,1
25,158,2
25,160,1
25,162,1
25,163,4
25,165,2
25,166,1
25,168,2
25,171,9
25,173,3
25,174,1
25,175,1
25,176,3
25,177,2
25,178,2
25,179,2
25,205,1
25,207,1
25,211,1
26,0,9
26,13,17
26,26,30
26,31,6
26,37,2
26,40,10
26,44,12
26,46,9
26,49,13
26,50,5
26,53,23
26,54,14
26,56,8
26,57,23
26,59,20
26,60,2
26,62,22
26,65,3
26,68,4
26,70,3
26,71,7
26,73,5
26,76,8
26,77,3
26,78,6
26,79,1
26,80,2
26,81,2
26,82,5
26,83,10
26,84,1
26,85,2
26,86,9
26,87,19
26,88,1
26,89,14
26,90,11
26,91,11
26,92,15
26,93,11
26,94,16
26,95,14
26,96,15
26,97,7
26,98,3
26,99,4
26,100,4
26,102,6
26,103,2
26,105,10
26,106,2
26,107,4
26,108,9
26,109,1
26,110,10
26,111,8
26,112,4
26,113,15
26,114,5
26,115,5
26,116,11
26,117,7
26,118,8
26,119,13
26,120,11
26,121,3
26,122,8
26,123,8
26,124,10
26,125,8
26,126,14
26,127,9
26,128,11
26,129,10
26,130,11
26,131,7
26,132,1
26,135,2
26,136,2
26,138,4
26,139,1
26,140,2
26,142,1
26,143,2
26,144,5
26,147,1
26,148,1
26,149,1
26,150,4
26,152,6
26,153,1
26,155,2
26,156,4
26,157,2
26,158,5
26,160,7
26,161,3
26,162,3
26,163,9
26,164,1
26,165,5
26,171,2
26,176,1
26,191,1
26,192,1
26,193,2
26,196,1
26,197,1
26,199,2
27,0,17
27,13,30
27,26,10
27,31,12
27,37,5
27,40,23
27,44,23
27,46,20
27,49,22
27,53,6
27,54,4
27,56,3
27,57,7
27,59,6
27,60,1
27,62,8
27,64,3
27,65,6
27,66,2
27,68,10
27,69,2
27,70,5
27,71,15
27,72,1
27,73,10
27,74,4
27,75,1
27,76,16
27,77,7
27,78,13
27,79,5
27,80,4
27,81,3
27,82,14
27,83,15
27,86,3
27,87,4
27,89,5
27,90,1
27,91,2
27,92,3
27,94,6
27,95,1
27,96,1
27,97,9
27,98,7
27,99,7
27,100,9
27,101,3
27,102,12
27,103,6
27,105,18
27,106,6
27,107,7
27,108,17
27,109,2
27,110,18
27,111,17
27,112,8
27,113,25
27,114,11
27,115,10
27,116,25
27,117,13
27,118,6
27,119,2
27,120,6
27,122,2
27,123,2
27,124,3
27,125,3
27,126,6
27,127,3
27,128,4
27,129,1
27,130,4
27,131,4
27,132,4
27,134,1
27,135,3
27,136,5
27,138,9
27,139,4
27,140,4
27,141,1
27,142,5
27,143,4
27,144,12
27,145,1
27,146,4
27,147,4
27,148,5
27,149,4
27,150,8
27,152,8
27,158,2
27,160,1
27,162,1
27,163,1
27,165,1
27,168,1
27,171,4
27,173,1
27,176,2
27,178,1
27,179,3
27,181,2
27,183,1
27,184,1
27,185,2
27,186,1
27,214,1
27,219,1
28,0,30
28,13,10
28,26,23
28,31,23
28,40,6
28,44,7
28,46,6
28,49,8
28,50,3
28,53,13
28,54,9
28,56,5
28,57,14
28,59,13
28,60,2
28,62,14
28,64,7
28,65,12
28,66,6
28,68,22
28,69,6
28,70,8
28,71,22
28,73,3
28,76,4
28,78,5
28,82,1
28,83,3
28,85,1
28,86,6
28,87,11
28,88,1
28,89,10
28,90,5
28,91,5
28,92,9
28,93,3
28,94,12
28,95,6
28,96,5
28,97,15
28,98,14
28,99,11
28,100,18
28,101,8
28,102,23
28,103,15
28,104,1
28,105,8
28,106,2
28,107,4
28,108,6
28,110,6
28,111,4
28,112,2
28,113,9
28,114,2
28,115,5
28,116,8
28,117,5
28,118,7
28,119,8
28,120,9
28,121,1
28,122,4
28,123,4
28,124,6
28,125,6
28,126,11
28,127,6
28,128,7
28,129,5
28,130,8
28,131,11
28,132,9
28,133,3
28,134,4
28,135,7
28,136,10
28,137,3
28,138,19
28,139,1
28,140,1
28,144,4
28,147,1
28,148,1
28,149,1
28,150,1
28,152,3
28,155,1
28,156,1
28,158,4
28,160,4
28,162,2
28,163,3
28,165,3
28,166,2
28,168,6
28,169,1
28,171,8
28,172,2
28,173,3
28,199,1
28,201,1
28,204,1
28,205,1
28,207,1
29,0,10
29,13,23
29,26,6
29,31,7
29,37,3
29,40,13
29,44,14
29,46,13
29,49,14
29,50,7
29,53,25
29,54,20
29,56,8
29,57,22
29,59,3
29,62,4
29,65,5
29,68,7
29,70,1
29,71,8
29,72,1
29,73,6
29,74,2
29,75,1
29,76,10
29,77,2
29,78,9
29,79,2
29,80,1
29,81,1
29,82,6
29,83,8
29,84,2
29,85,2
29,86,13
29,87,24
29,88,3
29,89,18
29,90,14
29,91,7
29,92,1
29,94,4
29,96,1
29,97,5
29,98,3
29,99,5
29,100,4
29,102,7
29,103,1
29,105,13
29,106,4
29,107,6
29,108,12
29,109,1
29,110,12
29,111,10
29,112,5
29,113,16
29,114,6
29,115,8
29,116,18
29,117,10
29,118,11
29,119,19
29,120,15
29,121,3
29,122,9
29,123,11
29,124,13
29,125,12
29,126,7
29,127,2
29,128,4
29,130,2
29,131,4
29,132,3
29,134,1
29,135,2
29,136,5
29,138,7
29,139,2
29,140,3
29,142,1
29,143,1
29,144,7
29,146,2
29,147,2
29,148,2
29,149,2
29,150,3
29,152,9
29,153,1
29,154,2
29,155,5
29,156,4
29,157,1
29,158,7
29,159,1
29,160,6
29,168,1
29,171,1
29,176,1
29,179,1
29,181,1
29,186,1
29,187,1
29,188,1
29,189,1
29,190,1
29,192,1
29,193,1
29,226,1
30,0,23
30,13,6
30,26,13
30,31,14
30,37,7
30,40,25
30,44,22
30,46,3
30,49,4
30,53,7
30,54,6
30,56,1
30,57,8
30,59,9
30,62,9
30,64,2
30,65,8
30,66,1
30,68,15
30,69,1
30,70,4
30,71,16
30,72,2
30,73,13
30,74,7
30,75,2
30,76,22
30,77,7
30,78,9
30,83,2
30,86,5
30,87,4
30,89,7
30,90,1
30,91,2
30,92,5
30,93,1
30,94,8
30,95,3
30,96,4
30,97,10
30,98,7
30,99,9
30,100,11
30,101,2
30,102,15
30,103,7
30,105,23
30,106,9
30,107,10
30,108,22
30,109,3
30,110,26
30,111,23
30,112,6
30,113,7
30,114,2
30,115,4
30,116,6
30,117,2
30,118,4
30,119,4
30,120,7
30,122,3
30,123,4
30,124,3
30,125,4
30,126,9
30,127,4
30,128,6
30,129,1
30,130,4
30,131,7
30,132,6
30,133,2
30,134,2
30,135,5
30,136,8
30,137,1
30,138,15
30,139,7
30,140,6
30,141,2
30,142,6
30,143,4
30,144,12
30,145,2
30,146,5
30,147,1
30,148,1
30,152,2
30,155,1
30,156,1
30,158,1
30,160,3
30,162,1
30,163,1
30,166,1
30,168,3
30,171,3
30,172,1
30,173,2
30,175,1
30,176,3
30,177,1
30,179,3
30,180,1
30,181,2
30,209,1
30,213,1
30,214,1
31,0,6
31,13,13
31,26,25
31,31,22
31,40,7
31,44,8
31,46,9
31,49,9
31,50,2
31,53,14
31,54,13
31,56,4
31,57,16
31,59,19
31,60,1
31,62,20
31,64,6
31,65,9
31,68,3
31,70,1
31,71,4
31,73,5
31,76,7
31,78,3
31,79,1
31,80,1
31,82,2
31,83,6
31,84,1
31,85,1
31,86,9
31,87,12
31,88,1
31,89,14
31,90,6
31,91,4
31,92,12
31,93,5
31,94,15
31,95,9
31,96,9
31,97,20
31,98,18
31,99,6
31,100,1
31,102,4
31,105,6
31,106,3
31,107,5
31,108,6
31,110,7
31,111,5
31,112,2
31,113,12
31,114,3
31,115,7
31,116,11
31,117,6
31,118,7
31,119,12
31,120,11
31,122,7
31,123,7
31,124,8
31,125,9
31,126,16
31,127,7
31,128,10
31,129,4
31,130,10
31,131,13
31,132,12
31,133,5
31,134,1
31,135,2
31,136,4
31,138,4
31,139,2
31,140,2
31,142,1
31,143,1
31,144,5
31,146,1
31,147,2
31,148,2
31,149,1
31,150,1
31,152,3
31,154,1
31,155,2
31,156,2
31,158,3
31,159,1
31,160,8
31,161,1
31,162,4
31,163,5
31,165,2
31,166,3
31,167,1
31,168,3
31,176,1
31,187,1
31,196,1
31,198,1
31,201,1
31,234,1
32,0,13
32,13,25
32,26,7
32,31,8
32,37,2
32,40,14
32,44,16
32,46,19
32,49,20
32,50,6
32,53,22
32,54,3
32,56,1
32,57,4
32,59,5
32,62,6
32,65,3
32,68,9
32,69,1
32,70,3
32,71,10
32,72,1
32,73,9
32,74,2
32,75,1
32,76,15
32,77,1
32,78,7
32,79,3
32,80,3
32,81,1
32,82,9
32,83,11
32,84,2
32,85,1
32,86,9
32,87,1
32,89,4
32,91,1
32,92,2
32,94,4
32,96,1
32,97,7
32,98,2
32,99,7
32,100,6
32,101,1
32,102,9
32,103,3
32,105,13
32,106,7
32,107,9
32,108,13
32,110,17
32,111,13
32,112,8
32,113,22
32,114,7
32,115,11
32,116,22
32,117,12
32,118,16
32,119,27
32,120,13
32,122,2
32,123,4
32,124,2
32,125,2
32,126,5
32,127,3
32,128,5
32,130,3
32,131,5
32,132,5
32,133,1
32,134,2
32,135,3
32,136,7
32,138,8
32,139,3
32,140,4
32,142,2
32,143,3
32,144,9
32,146,3
32,147,5
32,148,4
32,149,3
32,150,5
32,152,8
32,153,1
32,154,3
32,155,1
32,156,1
32,160,2
32,162,1
32,163,1
32,168,2
32,171,1
32,173,1
32,175,1
32,176,2
32,180,1
32,181,1
32,183,1
32,185,1
32,187,2
32,188,1
32,217,1
32,221,1
33,0,25
33,13,7
33,26,14
33,31,16
33,37,6
33,40,22
33,44,4
33,46,5
33,49,6
33,53,8
33,54,9
33,56,3
33,57,10
33,59,10
33,60,1
33,62,13
33,64,1
33,65,7
33,66,1
33,68,20
33,69,2
33,70,5
33,71,22
33,73,9
33,76,3
33,78,2
33,79,1
33,83,1
33,84,1
33,86,3
33,87,6
33,88,1
33,89,9
33,90,2
33,91,3
33,92,6
33,93,4
33,94,10
33,95,2
33,96,4
33,97,15
33,98,9
33,99,13
33,100,14
33,101,5
33,102,18
33,103,9
33,104,2
33,105,29
33,106,15
33,107,6
33,108,3
33,110,4
33,111,2
33,112,2
33,113,6
33,114,2
33,115,5
33,116,6
33,117,5
33,118,6
33,119,6
33,120,9
33,122,4
33,123,6
33,124,4
33,125,5
33,126,9
33,127,5
33,128,7
33,130,7
33,131,10
33,132,9
33,133,3
33,134,3
33,135,8
33,136,10
33,137,1
33,138,17
33,139,7
33,140,9
33,141,1
33,142,1
33,144,4
33,147,2
33,148,1
33,149,1
33,150,1
33,152,1
33,155,2
33,156,2
33,158,1
33,160,4
33,162,3
33,163,2
33,167,1
33,168,6
33,170,1
33,171,6
33,173,3
33,174,1
33,175,2
33,176,1
33,203,1
33,207,1
33,209,1
34,0,7
34,13,14
34,26,22
34,31,4
34,40,8
34,44,10
34,46,10
34,49,13
34,50,1
34,53,16
34,54,19
34,56,5
34,57,22
34,59,15
34,62,3
34,65,2
34,68,5
34,70,1
34,71,7
34,73,4
34,75,1
34,76,9
34,77,1
34,78,5
34,79,3
34,80,2
34,81,1
34,82,3
34,83,5
34,84,2
34,85,1
34,86,7
34,87,15
34,88,4
34,89,17
34,90,9
34,91,6
34,92,16
34,93,5
34,94,1
34,97,4
34,98,2
34,99,4
34,100,3
34,102,4
34,105,6
34,106,5
34,107,7
34,108,8
34,110,9
34,111,7
34,112,4
34,113,13
34,114,4
34,115,7
34,116,14
34,117,8
34,118,13
34,119,16
34,120,17
34,121,1
34,122,9
34,123,9
34,124,9
34,125,12
34,126,20
34,127,10
34,128,7
34,130,2
34,131,4
34,132,2
34,134,1
34,135,2
34,136,6
34,138,7
34,139,1
34,140,3
34,142,2
34,143,1
34,144,7
34,147,4
34,148,2
34,149,2
34,150,2
34,152,3
34,154,1
34,155,5
34,156,5
34,157,1
34,158,4
34,160,8
34,161,1
34,162,3
34,163,1
34,168,2
34,171,1
34,176,2
34,183,1
34,189,1
34,190,1
34,193,1
34,196,1
34,229,1
35,0,14
35,13,22
35,26,8
35,31,10
35,37,1
35,40,16
35,44,22
35,46,15
35,49,3
35,53,4
35,54,5
35,56,1
35,57,7
35,59,3
35,60,1
35,62,9
35,64,1
35,65,5
35,66,1
35,68,11
35,69,1
35,70,3
35,71,15
35,72,1
35,73,9
35,74,2
35,75,3
35,76,20
35,77,3
35,78,10
35,79,6
35,86,2
35,87,3
35,89,4
35,92,2
35,93,1
35,94,5
35,96,2
35,97,8
35,98,6
35,99,7
35,100,8
35,101,3
35,102,10
35,103,2
35,105,17
35,106,11
35,107,12
35,108,17
35,109,2
35,110,18
35,111,17
35,112,10
35,113,28
35,114,10
35,115,6
35,116,3
35,117,4
35,118,4
35,119,2
35,120,6
35,122,3
35,123,5
35,124,2
35,125,5
35,126,8
35,127,3
35,128,7
35,130,4
35,131,7
35,132,5
35,134,2
35,135,3
35,136,9
35,138,13
35,139,4
35,140,7
35,141,1
35,142,4
35,143,3
35,144,12
35,145,2
35,146,2
35,147,7
35,148,5
35,149,1
35,150,1
35,155,2
35,156,1
35,158,1
35,160,1
35,162,2
35,163,2
35,168,4
35,170,1
35,171,2
35,176,5
35,178,1
35,179,2
35,181,1
35,183,2
35,211,1
35,215,1
35,217,1
36,0,22
36,13,8
36,26,16
36,31,22
36,40,4
36,44,7
36,46,3
36,49,9
36,50,1
36,53,10
36,54,10
36,56,3
36,57,15
36,59,8
36,60,2
36,62,19
36,64,2
36,65,9
36,66,2
36,68,15
36,71,3
36,73,3
36,76,5
36,78,1
36,79,2
36,82,1
36,83,2
36,86,5
36,87,10
36,88,2
36,89,10
36,90,3
36,91,2
36,92,8
36,93,6
36,94,11
36,95,3
36,96,7
36,97,16
36,98,14
36,99,15
36,100,19
36,101,3
36,102,1
36,105,4
36,106,2
36,107,4
36,108,4
36,110,4
36,111,3
36,112,4
36,113,7
36,114,3
36,115,7
36,116,8
36,117,7
36,118,8
36,119,7
36,120,11
36,122,5
36,123,7
36,124,5
36,125,8
36,126,16
36,127,8
36,128,11
36,129,2
36,130,8
36,131,12
36,132,11
36,133,4
36,134,5
36,135,8
36,136,7
36,138,6
36,140,2
36,142,1
36,143,1
36,144,6
36,147,1
36,148,2
36,149,2
36,150,2
36,152,1
36,155,4
36,156,3
36,158,2
36,160,3
36,162,5
36,163,3
36,164,1
36,165,1
36,166,2
36,168,7
36,169,1
36,170,2
36,171,1
36,176,2
36,198,1
36,202,1
36,203,1
37,0,8
37,13,16
37,26,4
37,31,7
37,37,1
37,40,10
37,44,15
37,46,8
37,49,19
37,50,2
37,53,22
37,54,15
37,57,3
37,59,2
37,60,1
37,62,5
37,65,1
37,68,4
37,69,1
37,70,1
37,71,9
37,73,7
37,74,2
37,75,2
37,76,11
37,77,1
37,78,5
37,79,4
37,80,3
37,82,5
37,83,7
37,84,1
37,85,2
37,86,10
37,87,23
37,89,1
37,94,2
37,97,4
37,98,4
37,99,6
37,100,3
37,101,1
37,102,5
37,105,10
37,106,5
37,107,7
37,108,9
37,110,10
37,111,8
37,112,7
37,113,18
37,114,7
37,115,11
37,116,18
37,117,11
37,118,14
37,119,20
37,120,22
37,121,1
37,122,8
37,123,6
37,124,2
37,125,4
37,126,6
37,127,2
37,128,4
37,130,3
37,131,6
37,132,3
37,134,2
37,135,2
37,136,9
37,138,10
37,139,1
37,140,4
37,141,1
37,142,2
37,143,2
37,144,9
37,145,1
37,147,3
37,148,4
37,149,6
37,150,3
37,151,1
37,152,5
37,153,1
37,155,7
37,156,7
37,158,1
37,162,2
37,163,1
37,168,1
37,171,2
37,176,3
37,178,1
37,184,1
37,187,1
37,189,2
37,190,1
38,0,16
38,13,4
38,26,10
38,31,15
38,37,2
38,40,22
38,44,3
38,46,2
38,49,5
38,53,7
38,54,3
38,56,1
38,57,9
38,59,6
38,60,2
38,62,10
38,64,1
38,65,4
38,66,1
38,68,10
38,69,3
38,70,3
38,71,20
38,72,1
38,73,13
38,74,5
38,76,15
38,82,1
38,86,1
38,87,4
38,89,5
38,90,1
38,91,1
38,92,3
38,94,6
38,95,2
38,96,3
38,97,10
38,98,8
38,99,12
38,100,10
38,101,5
38,102,13
38,103,3
38,104,1
38,105,22
38,106,13
38,107,16
38,108,21
38,110,1
38,111,2
38,112,4
38,113,4
38,114,2
38,115,4
38,116,4
38,117,6
38,118,4
38,119,3
38,120,10
38,122,4
38,123,7
38,124,3
38,125,7
38,126,11
38,127,5
38,128,8
38,130,5
38,131,9
38,132,7
38,134,4
38,135,7
38,136,15
38,138,18
38,139,5
38,140,8
38,141,2
38,142,5
38,143,2
38,144,7
38,148,2
38,149,2
38,150,1
38,152,1
38,155,1
38,156,2
38,158,2
38,160,1
38,162,3
38,163,2
38,164,1
38,168,3
38,171,3
38,173,1
38,175,1
38,176,6
38,178,2
38,206,1
38,211,1
39,0,4
39,13,10
39,26,22
39,31,3
39,40,7
39,44,9
39,46,6
39,49,10
39,50,1
39,53,15
39,54,8
39,56,3
39,57,20
39,59,11
39,60,4
39,62,15
39,68,3
39,71,5
39,73,3
39,74,1
39,76,4
39,77,1
39,78,1
39,79,1
39,82,4
39,83,3
39,84,1
39,86,5
39,87,12
39,88,3
39,89,12
39,90,5
39,91,4
39,92,10
39,93,6
39,94,16
39,95,5
39,97,1
39,98,4
39,99,4
39,102,2
39,105,4
39,106,5
39,107,6
39,108,3
39,110,5
39,111,4
39,112,6
39,113,11
39,114,4
39,115,7
39,116,9
39,117,9
39,118,9
39,119,9
39,120,18
39,121,1
39,122,10
39,123,10
39,124,9
39,125,10
39,126,21
39,127,9
39,128,16
39,130,8
39,131,7
39,132,2
39,134,2
39,135,2
39,136,6
39,138,8
39,139,1
39,140,2
39,142,2
39,143,2
39,144,9
39,147,1
39,148,3
39,149,4
39,150,2
39,151,1
39,152,2
39,155,3
39,156,4
39,157,1
39,158,3
39,160,5
39,162,5
39,163,6
39,164,2
39,171,1
39,176,1
39,192,1
39,196,1
39,198,1
40,0,10
40,13,22
40,26,7
40,31,9
40,37,1
40,40,15
40,44,20
40,46,11
40,49,15
40,53,3
40,54,2
40,57,5
40,59,1
40,60,2
40,62,3
40,64,1
40,65,1
40,68,8
40,69,2
40,70,1
40,71,11
40,73,7
40,74,3
40,75,3
40,76,10
40,77,4
40,78,4
40,79,4
40,80,3
40,81,1
40,82,9
40,89,2
40,90,1
40,92,1
40,94,1
40,95,1
40,97,6
40,98,6
40,99,8
40,100,4
40,102,6
40,103,2
40,105,11
40,106,8
40,107,13
40,108,12
40,109,1
40,110,13
40,111,10
40,112,10
40,113,24
40,114,9
40,115,13
40,116,22
40,117,7
40,118,1
40,119,2
40,120,8
40,122,4
40,123,4
40,124,2
40,125,6
40,126,6
40,127,4
40,128,6
40,130,4
40,131,9
40,132,4
40,134,3
40,135,4
40,136,11
40,138,13
40,139,2
40,140,5
40,142,4
40,143,5
40,144,13
40,145,2
40,146,1
40,147,4
40,148,5
40,149,7
40,150,5
40,151,2
40,152,1
40,156,2
40,158,1
40,160,1
40,162,1
40,163,2
40,168,1
40,171,2
40,176,3
40,183,1
40,184,2
40,213,1
41,0,22
41,13,7
41,26,15
41,31,20
41,40,3
41,44,5
41,46,1
41,49,3
41,50,1
41,53,9
41,54,6
41,56,1
41,57,11
41,59,5
41,60,3
41,62,8
41,64,3
41,65,4
41,66,2
41,68,15
41,71,15
41,76,3
41,79,1
41,82,3
41,84,1
41,86,1
41,87,4
41,89,6
41,90,4
41,91,2
41,92,4
41,93,1
41,94,8
41,95,4
41,96,4
41,97,14
41,98,11
41,99,16
41,100,12
41,101,5
41,102,16
41,103,5
41,105,1
41,106,4
41,107,4
41,108,2
41,110,2
41,111,3
41,112,5
41,113,4
41,114,4
41,115,6
41,116,3
41,117,9
41,118,5
41,119,4
41,120,14
41,122,7
41,123,7
41,124,4
41,125,9
41,126,13
41,127,7
41,128,11
41,130,9
41,131,13
41,132,10
41,133,1
41,134,6
41,135,7
41,136,19
41,138,16
41,139,1
41,140,2
41,142,2
41,143,2
41,144,5
41,147,1
41,148,2
41,149,1
41,150,2
41,152,2
41,155,1
41,156,3
41,157,1
41,158,2
41,160,2
41,162,3
41,163,4
41,165,1
41,168,4
41,170,1
41,171,6
41,200,1
41,206,1
42,0,7
42,13,15
42,26,3
42,31,5
42,37,1
42,40,9
42,44,11
42,46,5
42,49,8
42,50,3
42,53,21
42,54,11
42,57,15
42,62,2
42,68,3
42,71,4
42,73,2
42,76,8
42,77,2
42,78,1
42,79,2
42,80,1
42,81,1
42,82,6
42,83,5
42,84,2
42,85,2
42,86,4
42,87,16
42,88,2
42,89,16
42,90,9
42,97,3
42,98,5
42,99,4
42,100,1
42,102,1
42,103,1
42,105,5
42,106,7
42,107,8
42,108,7
42,110,6
42,111,7
42,112,7
42,113,12
42,114,6
42,115,11
42,116,12
42,117,15
42,118,11
42,119,13
42,120,23
42,121,1
42,122,11
42,123,13
42,124,9
42,125,7
42,126,3
42,127,4
42,128,4
42,130,4
42,131,5
42,132,3
42,134,2
42,135,4
42,136,7
42,138,11
42,139,2
42,140,3
42,142,3
42,143,4
42,144,9
42,145,1
42,147,2
42,148,4
42,149,3
42,150,4
42,151,1
42,152,3
42,155,4
42,156,5
42,157,3
42,158,5
42,160,1
42,163,2
42,168,1
42,171,2
42,176,1
42,191,1
42,192,1
42,221,1
43,0,15
43,13,3
43,26,9
43,31,11
43,37,3
43,40,21
43,44,15
43,49,2
43,53,5
43,54,1
43,57,4
43,59,2
43,60,1
43,62,6
43,64,2
43,65,1
43,68,8
43,69,3
43,70,1
43,71,10
43,72,1
43,73,7
43,74,3
43,75,2
43,76,15
43,84,1
43,87,1
43,89,1
43,90,3
43,92,1
43,94,3
43,97,8
43,98,9
43,99,9
43,100,4
43,101,1
43,102,8
43,103,4
43,105,15
43,106,12
43,107,15
43,108,16
43,109,2
43,110,16
43,111,12
43,112,6
43,113,1
43,114,4
43,115,4
43,116,2
43,117,6
43,118,2
43,119,3
43,120,9
43,122,5
43,123,6
43,124,2
43,125,9
43,126,8
43,127,6
43,128,8
43,130,7
43,131,9
43,132,6
43,134,5
43,135,6
43,136,14
43,138,19
43,139,3
43,140,7
43,141,1
43,142,5
43,143,6
43,144,18
43,145,3
43,147,1
43,148,2
43,150,2
43,152,1
43,155,1
43,156,2
43,158,2
43,160,2
43,162,1
43,163,3
43,165,1
43,168,2
43,171,4
43,172,1
43,176,3
43,177,1
43,179,1
43,208,1
43,213,1
44,0,3
44,13,9
44,26,21
44,31,15
44,40,5
44,44,4
44,46,2
44,49,6
44,50,2
44,53,11
44,54,5
44,56,1
44,57,10
44,59,7
44,60,3
44,62,11
44,71,3
44,73,1
44,76,3
44,79,1
44,82,1
44,84,2
44,86,1
44,87,4
44,88,1
44,89,8
44,90,6
44,91,4
44,92,4
44,93,4
44,94,9
44,95,5
44,96,3
44,97,19
44,98,11
44,99,1
44,105,2
44,106,6
44,107,4
44,108,4
44,110,1
44,111,5
44,112,7
44,113,5
44,114,6
44,115,8
44,116,7
44,117,10
44,118,6
44,119,8
44,120,16
44,121,1
44,122,9
44,123,11
44,124,6
44,125,14
44,126,17
44,127,10
44,128,15
44,129,1
44,130,10
44,131,18
44,132,10
44,134,2
44,135,4
44,136,4
44,138,8
44,139,1
44,140,2
44,142,2
44,143,1
44,144,8
44,147,2
44,148,3
44,149,1
44,150,3
44,151,1
44,152,2
44,155,2
44,156,4
44,158,4
44,159,1
44,160,3
44,162,3
44,163,5
44,165,3
44,168,1
44,171,2
44,176,1
44,195,1
44,199,1
44,200,1
45,0,9
45,13,21
45,26,5
45,31,4
45,37,2
45,40,11
45,44,10
45,46,7
45,49,11
45,53,15
45,57,3
45,60,1
45,62,1
45,68,3
45,71,8
45,73,3
45,75,1
45,76,8
45,77,3
45,78,2
45,79,2
45,80,2
45,82,6
45,83,3
45,84,4
45,92,1
45,97,3
45,98,8
45,99,5
45,100,1
45,102,3
45,105,9
45,106,9
45,107,9
45,108,9
45,110,8
45,111,13
45,112,10
45,113,16
45,114,10
45,115,14
45,116,16
45,117,19
45,118,15
45,119,15
45,120,7
45,122,4
45,123,4
45,124,2
45,125,6
45,126,4
45,127,5
45,128,4
45,130,5
45,131,8
45,132,4
45,134,3
45,135,6
45,136,9
45,138,14
45,139,2
45,140,3
45,142,4
45,143,3
45,144,15
45,147,3
45,148,5
45,149,4
45,150,5
45,151,2
45,152,6
45,155,1
45,156,2
45,158,2
45,160,1
45,162,1
45,163,2
45,168,2
45,171,3
45,172,1
45,176,2
45,180,1
45,181,1
45,185,1
45,221,1
46,0,21
46,13,5
46,26,11
46,31,10
46,40,15
46,44,3
46,49,1
46,53,4
46,54,2
46,57,8
46,59,3
46,60,2
46,62,5
46,64,3
46,65,2
46,68,10
46,69,2
46,70,1
46,71,15
46,79,1
46,82,1
46,84,2
46,87,1
46,89,3
46,90,1
46,92,4
46,94,2
46,96,2
46,97,10
46,98,13
46,99,11
46,100,5
46,101,4
46,102,9
46,103,5
46,105,22
46,106,7
46,107,1
46,108,4
46,111,4
46,112,4
46,113,2
46,114,5
46,115,4
46,116,4
46,117,7
46,118,1
46,119,5
46,120,12
46,122,7
46,123,8
46,124,4
46,125,10
46,126,10
46,127,7
46,128,9
46,129,1
46,130,9
46,131,15
46,132,10
46,134,7
46,135,8
46,136,18
46,137,1
46,138,23
46,139,5
46,140,7
46,142,2
46,144,6
46,147,1
46,148,2
46,149,1
46,150,2
46,152,2
46,155,2
46,156,3
46,158,3
46,159,1
46,160,2
46,162,2
46,163,4
46,167,1
46,168,3
46,171,5
46,172,3
46,173,1
46,176,1
46,202,1
46,208,1
47,0,5
47,13,11
47,26,15
47,31,3
47,40,4
47,44,8
47,46,3
47,49,5
47,50,3
47,53,10
47,54,7
47,56,1
47,57,15
47,68,1
47,71,3
47,73,1
47,76,3
47,79,2
47,82,2
47,83,2
47,84,3
47,86,2
47,87,7
47,88,2
47,89,9
47,90,6
47,91,2
47,92,6
47,98,4
47,99,2
47,100,1
47,105,2
47,106,9
47,107,5
47,108,6
47,110,3
47,111,7
47,112,7
47,113,9
47,114,7
47,115,9
47,116,9
47,117,14
47,118,7
47,119,13
47,120,21
47,121,2
47,122,11
47,123,15
47,124,8
47,125,17
47,126,23
47,127,7
47,128,1
47,130,4
47,131,6
47,132,4
47,134,2
47,135,5
47,136,5
47,138,11
47,139,2
47,140,2
47,142,3
47,143,1
47,144,11
47,147,2
47,148,3
47,149,2
47,150,4
47,152,4
47,155,3
47,156,5
47,157,1
47,158,5
47,159,2
47,160,6
47,162,1
47,163,2
47,168,1
47,171,2
47,176,2
47,180,1
47,188,1
47,189,1
47,193,1
47,195,1
48,0,11
48,13,15
48,26,4
48,31,8
48,37,3
48,40,10
48,44,15
48,53,3
48,57,3
48,60,1
48,62,2
48,68,5
48,69,1
48,70,1
48,71,8
48,73,4
48,74,2
48,75,2
48,76,10
48,77,2
48,78,1
48,79,1
48,87,1
48,90,1
48,92,3
48,97,4
48,98,7
48,99,6
48,100,4
48,102,2
48,105,10
48,106,14
48,107,11
48,108,12
48,110,9
48,111,15
48,112,13
48,113,23
48,114,6
48,115,1
48,116,4
48,117,4
48,119,4
48,120,6
48,122,6
48,123,4
48,124,4
48,125,7
48,126,3
48,127,7
48,128,5
48,130,7
48,131,11
48,132,7
48,134,4
48,135,7
48,136,11
48,137,1
48,138,20
48,139,4
48,140,6
48,142,6
48,143,4
48,144,19
48,145,1
48,147,5
48,148,6
48,149,1
48,150,2
48,152,2
48,155,1
48,156,2
48,158,2
48,160,2
48,162,2
48,163,3
48,167,1
48,168,2
48,171,4
48,175,1
48,176,4
48,180,3
48,181,2
49,0,15
49,13,4
49,26,10
49,31,15
49,40,3
49,44,3
49,49,2
49,53,8
49,54,3
49,56,1
49,57,8
49,59,5
49,60,2
49,62,7
49,64,2
49,65,1
49,73,1
49,76,1
49,79,2
49,82,1
49,84,1
49,87,4
49,89,2
49,90,2
49,91,1
49,92,7
49,94,3
49,95,2
49,96,2
49,97,12
49,98,16
49,99,15
49,100,6
49,106,6
49,107,2
49,108,5
49,111,5
49,112,6
49,113,2
49,114,7
49,115,5
49,116,6
49,117,9
49,118,3
49,119,7
49,120,13
49,121,1
49,122,9
49,123,10
49,124,6
49,125,14
49,126,12
49,127,11
49,128,11
49,129,2
49,130,11
49,131,20
49,132,12
49,134,9
49,135,6
49,136,2
49,138,8
49,139,2
49,140,2
49,142,2
49,143,1
49,144,6
49,147,2
49,148,2
49,149,2
49,150,3
49,152,3
49,155,2
49,156,3
49,158,4
49,160,4
49,162,4
49,163,5
49,165,1
49,167,2
49,168,6
49,171,2
49,176,1
49,188,1
49,196,1
49,201,1
49,202,1
50,0,4
50,13,10
50,26,3
50,31,3
50,40,8
50,44,8
50,46,5
50,49,7
50,50,2
50,53,15
50,60,1
50,68,1
50,71,3
50,73,2
50,76,5
50,77,1
50,78,1
50,79,4
50,82,4
50,83,2
50,84,3
50,86,1
50,87,6
50,92,2
50,97,1
50,98,6
50,99,1
50,100,3
50,105,3
50,106,10
50,107,6
50,108,9
50,110,2
50,111,9
50,112,11
50,113,11
50,114,10
50,115,11
50,116,12
50,117,17
50,118,9
50,119,15
50,120,28
50,121,3
50,122,7
50,123,1
50,124,4
50,125,4
50,126,2
50,127,4
50,128,2
50,130,6
50,131,6
50,132,5
50,134,2
50,135,7
50,136,7
50,138,15
50,139,3
50,140,4
50,142,4
50,143,2
50,144,13
50,145,1
50,147,4
50,148,5
50,149,4
50,150,6
50,151,1
50,152,6
50,154,1
50,155,5
50,156,6
50,158,2
50,160,2
50,162,1
50,163,2
50,168,2
50,171,3
50,175,1
50,176,2
50,183,1
50,188,3
50,189,1
51,0,10
51,13,3
51,26,8
51,31,8
51,37,2
51,40,15
51,53,3
51,57,3
51,60,2
51,62,3
51,64,1
51,65,1
51,68,7
51,69,2
51,71,10
51,73,2
51,79,2
51,82,1
51,84,1
51,87,3
51,90,1
51,92,3
51,94,2
51,97,4
51,98,11
51,99,7
51,100,8
51,102,3
51,103,2
51,105,12
51,106,17
51,107,15
51,108,12
51,111,4
51,112,4
51,114,4
51,115,2
51,116,5
51,117,5
51,119,5
51,120,7
51,122,9
51,123,5
51,124,6
51,125,9
51,126,7
51,127,7
51,128,6
51,129,1
51,130,9
51,131,14
51,132,9
51,134,5
51,135,10
51,136,14
51,137,2
51,138,25
51,139,6
51,140,8
51,142,8
51,143,1
51,144,3
51,147,2
51,148,2
51,149,1
51,150,2
51,152,2
51,155,2
51,156,2
51,158,3
51,160,3
51,162,2
51,163,3
51,168,4
51,170,1
51,171,5
51,172,1
51,174,1
51,175,3
51,176,6
51,196,1
51,204,1
52,0,3
52,13,8
52,26,15
52,40,3
52,44,3
52,49,3
52,50,1
52,53,8
52,54,5
52,57,10
52,59,3
52,60,1
52,68,1
52,71,1
52,73,2
52,76,1
52,79,3
52,82,2
52,84,2
52,86,1
52,87,8
52,89,3
52,90,4
52,91,2
52,92,7
52,94,5
52,98,4
52,100,2
52,106,7
52,107,1
52,108,8
52,111,7
52,112,8
52,113,3
52,114,7
52,115,6
52,116,9
52,117,11
52,118,2
52,119,9
52,120,18
52,122,13
52,123,13
52,124,8
52,125,17
52,126,16
52,127,15
52,128,15
52,129,3
52,130,7
52,131,3
52,132,4
52,134,2
52,135,4
52,136,3
52,138,10
52,139,2
52,140,4
52,142,2
52,143,2
52,144,8
52,147,3
52,148,4
52,149,2
52,150,4
52,152,5
52,155,4
52,156,5
52,157,1
52,158,5
52,159,1
52,160,5
52,161,1
52,162,7
52,163,6
52,168,2
52,171,2
52,176,2
52,183,1
52,190,1
52,196,2
53,0,8
53,13,15
53,26,3
53,31,3
53,37,1
53,40,8
53,44,10
53,46,3
53,57,1
53,60,2
53,68,2
53,71,5
53,73,5
53,76,7
53,77,2
53,79,4
53,82,1
53,87,2
53,90,1
53,92,1
53,94,1
53,97,1
53,98,8
53,99,3
53,100,3
53,102,2
53,105,2
53,106,14
53,107,7
53,108,14
53,110,3
53,111,13
53,112,15
53,113,14
53,114,13
53,115,15
53,116,12
53,117,2
53,119,4
53,120,4
53,122,5
53,123,2
53,124,5
53,125,5
53,126,4
53,127,6
53,128,1
53,130,9
53,131,8
53,132,7
53,134,4
53,135,7
53,136,8
53,137,1
53,138,18
53,139,5
53,140,6
53,142,5
53,143,3
53,144,17
53,145,1
53,147,6
53,148,6
53,149,6
53,150,8
53,152,2
53,155,2
53,156,2
53,158,2
53,160,2
53,162,2
53,163,2
53,168,3
53,171,3
53,176,4
53,177,1
53,178,1
53,180,1
53,183,3
53,204,1
54,0,15
54,13,3
54,26,8
54,31,10
54,44,1
54,53,3
54,57,5
54,59,2
54,60,4
54,62,5
54,64,2
54,68,4
54,73,2
54,76,1
54,79,1
54,82,2
54,84,1
54,87,3
54,89,2
54,90,2
54,92,3
54,94,4
54,97,5
54,98,16
54,99,10
54,100,9
54,102,5
54,106,4
54,108,4
54,111,6
54,112,4
54,114,6
54,115,1
54,116,8
54,117,7
54,119,7
54,120,11
54,122,9
54,123,7
54,124,7
54,125,11
54,126,9
54,127,11
54,128,7
54,130,13
54,131,18
54,132,11
54,134,6
54,135,13
54,136,20
54,137,3
54,138,8
54,139,2
54,140,4
54,142,2
54,143,1
54,144,4
54,147,2
54,148,4
54,149,2
54,150,2
54,152,3
54,155,3
54,156,4
54,158,3
54,160,4
54,162,4
54,163,5
54,164,1
54,167,1
54,168,5
54,169,1
54,170,2
54,171,6
54,176,2
54,190,1
54,198,1
54,204,2
55,0,3
55,13,8
55,31,1
55,40,3
55,44,5
55,46,2
55,49,5
55,50,2
55,53,10
55,54,3
55,60,2
55,68,2
55,71,1
55,73,3
55,76,2
55,79,3
55,82,4
55,84,2
55,85,1
55,87,9
55,89,5
55,90,1
55,97,1
55,98,4
55,100,1
55,102,1
55,106,9
55,107,3
55,108,7
55,110,2
55,111,9
55,112,10
55,113,2
55,114,11
55,115,7
55,116,14
55,117,14
55,118,3
55,119,13
55,120,23
55,122,18
55,123,18
55,124,6
55,125,2
55,126,4
55,127,4
55,130,5
55,131,4
55,132,6
55,134,4
55,135,6
55,136,3
55,138,14
55,139,3
55,140,6
55,142,4
55,143,2
55,144,10
55,147,4
55,148,6
55,149,4
55,150,5
55,152,7
55,155,6
55,156,7
55,157,1
55,158,6
55,160,2
55,162,2
55,163,2
55,168,2
55,171,2
55,176,3
55,177,1
55,185,1
55,186,1
55,188,1
55,190,2
56,0,8
56,26,3
56,31,5
56,37,2
56,40,10
56,53,1
56,57,1
56,60,3
56,68,6
56,71,7
56,72,1
56,73,4
56,76,4
56,82,2
56,84,1
56,87,1
56,89,1
56,90,2
56,92,1
56,97,4
56,98,9
56,99,3
56,100,3
56,102,4
56,105,5
56,106,17
56,107,9
56,108,18
56,110,5
56,111,7
56,112,1
56,114,4
56,116,4
56,117,3
56,119,6
56,120,4
56,122,8
56,123,1
56,124,7
56,125,7
56,126,6
56,127,8
56,128,3
56,130,9
56,131,10
56,132,9
56,134,6
56,135,11
56,136,11
56,138,24
56,139,7
56,140,8
56,142,7
56,143,5
56,144,23
56,145,1
56,147,2
56,148,4
56,149,2
56,150,2
56,152,2
56,155,2
56,156,4
56,158,2
56,160,3
56,162,3
56,163,4
56,168,4
56,171,6
56,172,1
56,175,1
56,176,5
56,177,2
56,178,2
56,198,1
57,13,3
57,26,10
57,40,1
57,44,1
57,53,5
57,54,2
57,57,7
57,59,2
57,60,4
57,62,3
57,68,2
57,71,1
57,73,1
57,76,2
57,79,1
57,82,3
57,84,2
57,85,1
57,87,3
57,89,4
57,90,4
57,92,5
57,93,1
57,94,5
57,97,6
57,98,1
57,106,5
57,108,6
57,110,1
57,111,9
57,112,5
57,114,8
57,115,3
57,116,7
57,117,8
57,118,2
57,119,9
57,120,11
57,122,15
57,123,7
57,124,10
57,125,14
57,126,12
57,127,14
57,128,10
57,130,18
57,131,24
57,132,7
57,134,4
57,135,4
57,136,2
57,138,7
57,139,2
57,140,5
57,142,4
57,143,2
57,144,3
57,147,3
57,148,6
57,149,3
57,150,4
57,152,4
57,155,4
57,156,6
57,158,5
57,160,6
57,162,5
57,163,6
57,164,2
57,168,2
57,171,2
57,176,2
57,185,1
57,193,1
57,194,1
57,196,1
57,198,2
58,0,3
58,13,10
58,26,1
58,31,1
58,40,5
58,44,7
58,46,2
58,49,3
58,57,1
58,60,1
58,68,3
58,71,2
58,72,1
58,73,3
58,76,6
58,79,3
58,80,1
58,82,4
58,84,1
58,90,2
58,92,1
58,97,3
58,98,5
58,100,1
58,105,2
58,106,11
58,107,2
58,108,11
58,110,4
58,111,13
58,112,12
58,113,5
58,114,14
58,115,9
58,116,18
58,117,20
58,118,5
58,119,7
58,120,1
58,122,6
58,124,4
58,125,3
58,126,5
58,127,4
58,130,8
58,131,3
58,132,9
58,134,6
58,135,8
58,136,6
58,138,15
58,139,4
58,140,7
58,142,6
58,143,4
58,144,12
58,147,6
58,148,8
58,149,5
58,150,7
58,151,1
58,152,9
58,155,2
58,156,4
58,158,2
58,160,2
58,162,2
58,163,4
58,168,3
58,171,5
58,176,4
58,179,1
58,180,1
58,183,1
58,185,2
58,186,1
59,0,10
59,13,1
59,26,5
59,31,7
59,44,1
59,53,1
59,57,2
59,60,3
59,62,2
59,68,6
59,71,4
59,76,2
59,79,1
59,82,1
59,84,2
59,87,1
59,90,3
59,92,2
59,93,1
59,97,8
59,98,11
59,99,4
59,100,5
59,101,1
59,102,5
59,105,5
59,106,2
59,108,4
59,111,5
59,112,2
59,114,4
59,116,6
59,117,3
59,118,1
59,119,9
59,120,5
59,122,11
59,123,3
59,124,7
59,125,8
59,126,9
59,127,9
59,128,2
59,130,15
59,131,12
59,132,13
59,134,8
59,135,14
59,136,15
59,138,34
59,139,9
59,140,6
59,142,4
59,143,2
59,144,2
59,147,2
59,148,5
59,149,2
59,150,4
59,152,2
59,155,3
59,156,6
59,158,4
59,160,4
59,162,4
59,163,6
59,166,1
59,167,1
59,168,6
59,171,8
59,172,1
59,176,2
59,193,1
59,204,1
60,0,1
60,13,5
60,31,1
60,40,1
60,44,2
60,49,2
60,53,7
60,54,2
60,57,4
60,68,1
60,71,2
60,73,1
60,76,3
60,79,2
60,80,1
60,82,3
60,84,4
60,85,1
60,87,5
60,88,1
60,89,5
60,90,4
60,92,1
60,97,2
60,98,2
60,100,1
60,105,1
60,106,7
60,108,8
60,111,9
60,112,6
60,113,2
60,114,9
60,115,2
60,116,11
60,117,11
60,118,4
60,119,13
60,120,14
60,122,19
60,123,10
60,124,14
60,125,20
60,126,12
60,127,1
60,130,6
60,131,2
60,132,5
60,134,5
60,135,4
60,136,2
60,138,9
60,139,2
60,140,7
60,142,6
60,143,3
60,144,7
60,147,4
60,148,7
60,149,4
60,150,6
60,152,5
60,153,1
60,155,6
60,156,8
60,158,6
60,160,8
60,162,2
60,163,4
60,168,2
60,171,4
60,176,3
60,179,1
60,188,1
60,190,1
60,193,2
60,194,1
61,0,5
61,26,1
61,31,2
61,40,7
61,44,4
61,53,1
61,57,2
61,60,1
61,68,3
61,71,6
61,72,1
61,73,3
61,75,1
61,76,6
61,79,1
61,84,2
61,87,1
61,90,1
61,92,2
61,97,3
61,98,6
61,99,2
61,100,2
61,101,1
61,105,4
61,106,14
61,107,3
61,108,16
61,110,6
61,111,18
61,112,16
61,113,5
61,114,1
61,116,4
61,117,2
61,119,5
61,120,2
61,122,6
61,124,6
61,125,3
61,126,8
61,127,5
61,130,11
61,131,7
61,132,9
61,134,7
61,135,9
61,136,6
61,138,22
61,139,6
61,140,10
61,142,8
61,143,5
61,144,15
61,145,1
61,147,8
61,148,6
61,149,2
61,150,4
61,152,2
61,155,2
61,156,5
61,158,4
61,160,2
61,162,3
61,163,6
61,166,1
61,168,4
61,171,6
61,175,1
61,176,6
61,177,1
61,179,2
61,180,1
62,13,1
62,26,7
62,31,4
62,40,1
62,44,2
62,53,2
62,57,6
62,60,3
62,62,2
62,71,2
62,73,1
62,76,1
62,79,2
62,82,1
62,84,3
62,87,2
62,88,1
62,90,3
62,92,3
62,93,1
62,94,2
62,96,1
62,97,9
62,98,15
62,99,6
62,100,1
62,106,3
62,108,4
62,111,8
62,112,1
62,113,1
62,114,5
62,116,8
62,117,6
62,119,9
62,120,8
62,122,13
62,123,2
62,124,11
62,125,11
62,126,15
62,127,11
62,128,3
62,130,19
62,131,16
62,132,19
62,134,6
62,135,1
62,136,2
62,138,6
62,139,2
62,140,4
62,142,5
62,143,2
62,144,4
62,147,2
62,148,7
62,149,3
62,150,6
62,152,4
62,153,1
62,155,4
62,156,7
62,158,6
62,160,5
62,162,6
62,163,8
62,166,2
62,167,1
62,168,8
62,171,4
62,176,2
62,196,1
62,198,1
63,0,1
63,13,7
63,26,1
63,31,2
63,40,2
63,44,6
63,49,2
63,53,4
63,57,2
63,60,1
63,68,1
63,71,3
63,73,2
63,75,1
63,76,3
63,79,3
63,80,1
63,82,3
63,83,1
63,84,4
63,85,1
63,87,1
63,92,1
63,97,1
63,98,1
63,99,1
63,100,2
63,106,8
63,107,2
63,108,9
63,111,15
63,112,8
63,113,4
63,114,11
63,115,3
63,116,16
63,117,15
63,118,5
63,119,19
63,120,20
63,122,3
63,124,4
63,125,2
63,126,4
63,127,2
63,130,6
63,131,4
63,132,8
63,134,7
63,135,5
63,136,3
63,138,14
63,139,5
63,140,7
63,142,7
63,143,4
63,144,8
63,147,5
63,148,10
63,149,6
63,150,8
63,152,6
63,153,2
63,155,8
63,156,6
63,158,4
63,160,2
63,162,2
63,163,5
63,168,2
63,171,6
63,176,4
63,182,1
63,185,1
63,188,1
64,0,7
64,13,1
64,26,2
64,31,6
64,40,4
64,44,2
64,53,2
64,57,3
64,60,2
64,68,3
64,69,1
64,71,6
64,72,1
64,73,1
64,79,1
64,82,1
64,84,1
64,87,2
64,90,1
64,92,2
64,96,1
64,97,3
64,98,7
64,99,5
64,100,3
64,101,1
64,102,2
64,105,6
64,106,20
64,107,5
64,108,1
64,111,6
64,114,2
64,116,4
64,117,2
64,119,8
64,120,2
64,122,8
64,124,8
64,125,6
64,126,8
64,127,6
64,128,2
64,130,13
64,131,8
64,132,15
64,134,10
64,135,11
64,136,9
64,138,28
64,139,9
64,140,13
64,142,6
64,143,2
64,144,4
64,147,2
64,148,4
64,149,2
64,150,5
64,152,4
64,155,2
64,156,7
64,158,6
64,160,4
64,162,4
64,163,7
64,168,5
64,171,9
64,175,1
64,176,8
64,204,1
65,0,1
65,13,2
65,26,4
65,31,2
65,40,2
65,44,3
65,53,6
65,57,6
65,60,1
65,68,1
65,71,1
65,73,2
65,76,1
65,79,2
65,82,2
65,83,1
65,84,3
65,87,3
65,88,1
65,89,2
65,90,3
65,91,1
65,92,5
65,93,1
65,100,1
65,106,3
65,107,1
65,108,5
65,111,11
65,112,4
65,114,6
65,115,2
65,116,9
65,117,6
65,119,15
65,120,12
65,122,17
65,123,3
65,124,14
65,125,15
65,126,21
65,127,15
65,128,5
65,130,3
65,131,4
65,132,6
65,134,4
65,135,2
65,136,2
65,138,6
65,139,4
65,140,6
65,142,7
65,143,3
65,144,6
65,147,4
65,148,7
65,149,4
65,150,7
65,152,6
65,155,5
65,156,10
65,158,8
65,160,6
65,162,8
65,163,6
65,168,2
65,171,5
65,176,2
65,190,1
65,193,1
65,196,1
66,0,2
66,13,4
66,26,2
66,31,3
66,40,6
66,44,6
66,53,2
66,57,1
66,60,2
66,68,2
66,69,1
66,71,3
66,73,3
66,75,1
66,76,3
66,77,1
66,79,5
66,80,1
66,82,1
66,87,1
66,90,1
66,92,2
66,97,1
66,98,3
66,99,1
66,100,2
66,106,11
66,107,5
66,108,11
66,110,2
66,111,19
66,112,12
66,113,6
66,114,15
66,115,5
66,116,1
66,117,2
66,119,6
66,122,4
66,124,4
66,125,2
66,126,6
66,127,1
66,128,1
66,130,8
66,131,6
66,132,11
66,134,7
66,135,6
66,136,6
66,138,15
66,139,6
66,140,11
66,142,10
66,143,6
66,144,11
66,147,6
66,148,13
66,149,8
66,150,6
66,152,4
66,155,2
66,156,4
66,158,5
66,160,4
66,162,2
66,163,7
66,168,4
66,171,7
66,176,5
66,179,1
66,182,1
66,211,1
67,0,4
67,13,2
67,26,6
67,31,6
67,40,2
67,44,1
67,53,3
67,57,3
67,60,3
67,64,1
67,68,1
67,73,1
67,76,1
67,79,2
67,82,2
67,84,1
67,87,2
67,90,2
67,91,1
67,92,4
67,93,1
67,96,1
67,97,5
67,98,9
67,99,7
67,100,5
67,101,1
67,106,2
67,108,2
67,111,6
67,114,1
67,115,1
67,116,5
67,117,3
67,119,11
67,120,4
67,122,10
67,123,2
67,124,9
67,125,6
67,126,11
67,127,7
67,128,4
67,130,17
67,131,11
67,132,19
67,133,1
67,134,14
67,135,15
67,136,13
67,138,3
67,139,4
67,140,4
67,142,4
67,143,2
67,144,5
67,147,4
67,148,6
67,149,2
67,150,7
67,152,6
67,155,4
67,156,7
67,158,7
67,160,6
67,162,5
67,163,10
67,166,1
67,168,6
67,171,6
67,176,2
67,198,1
67,204,1
68,0,2
68,13,6
68,26,2
68,31,1
68,40,3
68,44,3
68,50,1
68,53,6
68,60,1
68,68,2
68,71,1
68,73,2
68,76,2
68,77,1
68,79,4
68,80,1
68,82,3
68,83,1
68,84,3
68,87,5
68,88,1
68,90,1
68,92,2
68,97,1
68,100,2
68,106,6
68,107,1
68,108,6
68,111,13
68,112,2
68,114,7
68,115,4
68,116,11
68,117,9
68,118,2
68,119,19
68,120,17
68,121,1
68,122,23
68,123,5
68,124,1
68,125,2
68,126,4
68,130,4
68,131,5
68,132,6
68,134,6
68,135,1
68,136,3
68,138,8
68,139,6
68,140,8
68,142,7
68,143,4
68,144,9
68,147,6
68,148,11
68,149,5
68,150,10
68,152,8
68,153,1
68,155,6
68,156,13
68,158,6
68,160,4
68,162,2
68,163,4
68,168,4
68,171,7
68,176,4
68,190,1
68,219,1
69,0,6
69,13,2
69,26,3
69,31,3
69,37,1
69,40,6
69,53,1
69,57,1
69,60,2
69,64,1
69,68,3
69,69,1
69,71,3
69,73,5
69,75,1
69,76,1
69,79,2
69,82,1
69,84,1
69,87,2
69,90,2
69,92,3
69,93,1
69,97,2
69,98,2
69,100,4
69,101,1
69,105,2
69,106,15
69,107,7
69,108,15
69,111,3
69,116,2
69,117,2
69,119,6
69,122,3
69,123,1
69,124,5
69,125,3
69,126,8
69,127,3
69,130,10
69,131,9
69,132,13
69,134,11
69,135,7
69,136,9
69,138,20
69,139,9
69,140,14
69,142,14
69,143,8
69,144,11
69,147,4
69,148,4
69,149,2
69,150,4
69,152,5
69,155,4
69,156,6
69,158,7
69,160,6
69,162,4
69,163,7
69,168,6
69,171,10
69,176,6
69,206,1
69,211,1
70,0,2
70,13,3
70,26,6
70,40,1
70,44,1
70,50,1
70,53,3
70,57,3
70,59,1
70,60,5
70,68,1
70,71,1
70,73,2
70,76,2
70,79,3
70,80,1
70,82,2
70,84,2
70,87,4
70,88,1
70,90,3
70,91,1
70,92,5
70,93,2
70,96,1
70,97,1
70,100,2
70,106,2
70,108,1
70,111,8
70,114,3
70,116,6
70,117,6
70,119,13
70,120,2
70,122,12
70,123,4
70,124,11
70,125,9
70,126,17
70,127,9
70,128,6
70,129,1
70,130,23
70,131,11
70,132,3
70,134,4
70,136,2
70,138,4
70,139,5
70,140,4
70,142,6
70,143,2
70,144,8
70,147,6
70,148,8
70,149,4
70,150,7
70,152,7
70,155,6
70,156,11
70,158,10
70,160,8
70,162,6
70,163,13
70,168,4
70,171,4
70,176,4
70,193,1
70,198,1
71,0,3
71,13,6
71,26,1
71,31,1
71,37,1
71,40,3
71,44,3
71,46,1
71,57,1
71,60,2
71,68,2
71,71,2
71,73,4
71,75,1
71,76,3
71,77,1
71,79,5
71,80,2
71,82,5
71,83,1
71,84,1
71,87,2
71,90,1
71,92,2
71,97,2
71,100,3
71,101,1
71,106,6
71,108,7
71,111,17
71,112,4
71,113,2
71,114,10
71,115,5
71,116,15
71,117,13
71,119,3
71,122,2
71,124,2
71,125,2
71,126,4
71,130,3
71,131,8
71,132,8
71,134,8
71,135,3
71,136,4
71,138,12
71,139,7
71,140,9
71,142,11
71,143,5
71,144,14
71,147,8
71,148,14
71,149,6
71,150,14
71,152,6
71,155,4
71,156,4
71,158,4
71,160,5
71,162,4
71,163,6
71,168,6
71,171,7
71,176,6
71,214,1
71,219,1
72,0,6
72,13,1
72,26,3
72,31,3
72,44,1
72,53,1
72,57,2
72,59,1
72,60,4
72,64,1
72,68,6
72,69,1
72,71,1
72,73,2
72,76,1
72,79,2
72,82,2
72,84,2
72,87,3
72,88,1
72,90,2
72,92,4
72,96,1
72,97,3
72,98,3
72,99,3
72,100,5
72,101,3
72,106,2
72,111,4
72,116,1
72,117,3
72,119,8
72,122,7
72,124,6
72,125,6
72,126,9
72,127,2
72,130,12
72,131,14
72,132,17
72,134,14
72,135,9
72,136,11
72,137,1
72,138,28
72,139,6
72,140,1
72,142,4
72,143,2
72,144,4
72,147,5
72,148,4
72,149,4
72,150,6
72,152,7
72,155,6
72,156,8
72,158,7
72,160,7
72,162,6
72,163,11
72,168,8
72,171,13
72,176,4
72,200,1
72,206,1
73,0,1
73,13,3
73,31,1
73,40,1
73,44,2
73,46,1
73,50,1
73,53,3
73,54,1
73,57,1
73,60,2
73,68,2
73,71,2
73,73,3
73,75,1
73,76,2
73,79,4
73,82,4
73,83,1
73,84,3
73,87,6
73,88,2
73,90,5
73,91,1
73,92,2
73,97,1
73,100,2
73,106,3
73,108,3
73,111,10
73,112,2
73,114,2
73,116,7
73,117,9
73,119,17
73,120,6
73,122,15
73,123,6
73,124,15
73,125,13
73,126,1
73,130,2
73,131,4
73,132,4
73,134,4
73,136,4
73,138,4
73,139,7
73,140,5
73,142,8
73,143,4
73,144,7
73,147,7
73,148,9
73,149,6
73,150,11
73,152,10
73,155,8
73,156,14
73,158,13
73,160,6
73,162,4
73,163,4
73,168,5
73,171,6
73,176,6
73,193,1
73,222,1
74,0,3
74,26,1
74,31,2
74,37,1
74,40,3
74,44,1
74,53,1
74,57,2
74,60,3
74,68,5
74,69,1
74,71,3
74,73,5
74,75,2
74,76,6
74,77,1
74,79,2
74,82,2
74,84,1
74,87,2
74,90,2
74,92,3
74,96,1
74,97,2
74,98,2
74,100,4
74,106,9
74,107,3
74,108,9
74,109,1
74,111,23
74,112,5
74,117,2
74,119,4
74,122,4
74,124,1
74,125,3
74,126,5
74,130,7
74,131,7
74,132,10
74,134,9
74,135,2
74,136,6
74,138,16
74,139,10
74,140,11
74,142,14
74,143,6
74,144,19
74,147,6
74,148,1
74,149,4
74,150,4
74,152,4
74,155,5
74,156,4
74,158,6
74,160,7
74,162,6
74,163,8
74,168,7
74,171,11
74,176,8
74,208,1
74,214,1
75,13,1
75,26,3
75,31,1
75,40,1
75,44,2
75,53,2
75,54,1
75,57,3
75,59,1
75,60,5
75,62,1
75,64,1
75,68,2
75,71,1
75,73,2
75,76,2
75,79,3
75,82,3
75,83,1
75,84,2
75,87,4
75,90,4
75,91,1
75,92,6
75,93,1
75,95,1
75,96,2
75,97,5
75,98,5
75,100,2
75,106,2
75,111,3
75,112,1
75,116,3
75,117,4
75,119,10
75,120,2
75,122,8
75,124,7
75,125,9
75,126,11
75,127,3
75,128,2
75,130,15
75,131,19
75,132,23
75,134,1
75,136,4
75,138,2
75,139,4
75,140,2
75,142,4
75,143,4
75,144,6
75,147,7
75,148,5
75,149,6
75,150,8
75,152,7
75,155,7
75,156,9
75,158,11
75,160,10
75,162,8
75,163,14
75,168,6
75,171,4
75,176,5
75,200,1
75,229,1
76,0,1
76,13,3
76,26,1
76,31,2
76,40,2
76,44,3
76,46,1
76,49,1
76,50,1
76,53,1
76,57,1
76,60,2
76,68,3
76,69,1
76,71,2
76,73,4
76,76,5
76,77,1
76,79,6
76,80,1
76,82,5
76,83,2
76,84,5
76,87,2
76,90,2
76,92,2
76,97,2
76,98,1
76,100,3
76,106,6
76,108,2
76,111,12
76,112,4
76,114,3
76,115,2
76,116,9
76,117,12
76,119,23
76,120,5
76,122,4
76,125,2
76,126,2
76,130,4
76,131,6
76,132,3
76,134,5
76,136,6
76,138,7
76,139,7
76,140,6
76,142,9
76,143,6
76,144,11
76,147,10
76,148,11
76,149,8
76,150,14
76,152,14
76,155,6
76,156,1
76,158,4
76,160,4
76,162,5
76,163,4
76,168,7
76,171,8
76,176,7
76,216,1
76,222,1
77,0,3
77,13,1
77,26,2
77,31,3
77,37,1
77,40,1
77,44,1
77,53,2
77,57,2
77,60,4
77,62,1
77,64,1
77,68,6
77,69,2
77,71,6
77,73,2
77,76,2
77,79,2
77,82,2
77,84,2
77,87,3
77,90,3
77,91,1
77,92,4
77,97,4
77,98,4
77,100,6
77,101,1
77,103,1
77,106,13
77,111,2
77,117,4
77,119,3
77,120,1
77,122,6
77,124,3
77,125,4
77,126,6
77,127,2
77,130,8
77,131,11
77,132,12
77,134,11
77,135,3
77,136,10
77,138,20
77,139,14
77,140,15
77,142,1
77,143,4
77,144,4
77,147,4
77,148,2
77,149,5
77,150,4
77,152,6
77,155,7
77,156,5
77,158,8
77,160,7
77,162,7
77,163,9
77,168,10
77,171,14
77,176,6
77,203,1
77,208,1
78,0,1
78,13,2
78,26,1
78,31,1
78,40,2
78,44,2
78,49,1
78,50,1
78,53,3
78,54,1
78,57,6
78,59,1
78,60,2
78,68,2
78,71,2
78,73,3
78,76,3
78,77,1
78,79,4
78,82,4
78,84,4
78,87,6
78,88,1
78,90,5
78,91,2
78,92,8
78,97,2
78,100,2
78,106,3
78,111,7
78,114,2
78,116,2
78,117,6
78,119,12
78,120,4
78,122,11
78,123,2
78,124,10
78,125,11
78,126,15
78,127,5
78,130,4
78,131,4
78,132,2
78,134,2
78,136,5
78,138,4
78,139,6
78,140,1
78,142,5
78,143,6
78,144,8
78,147,7
78,148,6
78,149,7
78,150,9
78,152,11
78,155,10
78,156,11
78,158,14
78,160,14
78,162,6
78,163,1
78,168,4
78,171,4
78,176,7
78,224,1
78,229,1
79,0,2
79,13,1
79,26,2
79,31,2
79,37,1
79,40,3
79,44,6
79,46,1
79,53,1
79,57,2
79,60,3
79,64,1
79,68,4
79,71,5
79,73,6
79,75,1
79,76,6
79,77,2
79,79,8
79,82,2
79,84,2
79,87,2
79,90,2
79,92,2
79,97,3
79,100,4
79,106,9
79,108,3
79,111,16
79,112,5
79,114,5
79,117,4
79,119,2
79,122,5
79,125,4
79,126,1
79,127,1
79,130,6
79,131,8
79,132,7
79,134,6
79,135,2
79,136,7
79,138,8
79,139,11
79,140,7
79,142,11
79,143,8
79,144,16
79,147,14
79,148,15
79,149,6
79,150,1
79,152,4
79,155,4
79,156,2
79,158,4
79,160,6
79,162,7
79,163,5
79,168,7
79,171,9
79,176,10
79,210,1
79,216,1
80,0,1
80,13,2
80,26,3
80,31,6
80,40,1
80,44,2
80,50,1
80,53,2
80,57,5
80,59,1
80,60,6
80,62,1
80,64,2
80,68,3
80,71,2
80,73,2
80,76,2
80,79,2
80,82,3
80,84,3
80,87,4
80,90,4
80,92,5
80,96,1
80,97,5
80,98,5
80,100,8
80,106,2
80,111,4
80,114,1
80,117,6
80,119,7
80,122,9
80,124,2
80,125,6
80,126,7
80,127,4
80,130,11
80,131,16
80,132,16
80,134,15
80,135,5
80,136,6
80,138,4
80,139,4
80,142,2
80,143,5
80,144,4
80,147,6
80,148,1
80,149,7
80,150,5
80,152,8
80,155,7
80,156,6
80,158,9
80,160,11
80,162,10
80,163,11
80,168,14
80,171,1
80,176,4
80,203,1
80,232,1
81,0,2
81,13,3
81,26,1
81,31,2
81,37,1
81,40,2
81,44,5
81,46,1
81,49,1
81,50,2
81,53,6
81,54,1
81,57,2
81,60,2
81,68,3
81,71,3
81,73,4
81,76,4
81,79,5
81,82,6
81,83,1
81,84,5
81,87,8
81,90,2
81,92,2
81,97,2
81,100,2
81,106,4
81,108,2
81,111,8
81,114,4
81,116,3
81,117,10
81,119,16
81,120,5
81,122,11
81,125,4
81,130,5
81,131,4
81,132,4
81,134,1
81,135,1
81,136,7
81,138,6
81,139,8
81,140,3
81,142,6
81,143,7
81,144,9
81,147,11
81,148,7
81,149,10
81,150,11
81,152,14
81,155,14
81,156,15
81,158,1
81,160,4
81,162,4
81,163,2
81,168,6
81,171,5
81,176,7
81,218,1
81,224,1
82,0,3
82,13,1
82,26,2
82,31,5
82,37,2
82,40,6
82,44,2
82,53,2
82,57,3
82,59,1
82,60,4
82,68,7
82,69,1
82,71,6
82,73,8
82,76,3
82,79,2
82,82,2
82,84,2
82,87,2
82,90,3
82,92,4
82,97,4
82,100,5
82,106,11
82,108,5
82,111,4
82,117,5
82,119,4
82,122,8
82,125,6
82,126,3
82,130,9
82,131,9
82,132,8
82,134,7
82,135,4
82,136,10
82,138,13
82,139,14
82,140,10
82,142,15
82,143,6
82,144,1
82,147,4
82,149,4
82,150,2
82,152,4
82,155,6
82,156,1
82,158,5
82,160,8
82,162,7
82,163,6
82,168,11
82,171,11
82,176,14
82,210,1
82,239,1
83,0,1
83,13,2
83,26,6
83,31,2
83,40,2
83,44,3
83,46,1
83,53,5
83,54,1
83,57,6
83,59,2
83,60,8
83,62,1
83,68,2
83,71,2
83,73,2
83,76,3
83,79,4
83,82,4
83,84,4
83,87,5
83,90,6
83,91,1
83,92,6
83,97,2
83,100,2
83,106,4
83,108,1
83,111,6
83,116,2
83,117,7
83,119,8
83,122,14
83,124,3
83,125,10
83,126,9
83,127,6
83,130,11
83,131,1
83,132,4
83,136,4
83,138,5
83,139,4
83,142,1
83,143,7
83,144,5
83,147,8
83,148,3
83,149,7
83,150,6
83,152,9
83,155,11
83,156,7
83,158,11
83,160,14
83,162,14
83,163,15
83,168,4
83,171,2
83,176,6
83,226,1
83,232,1
84,0,2
84,13,6
84,26,2
84,31,3
84,40,5
84,44,6
84,46,2
84,49,1
84,53,2
84,57,2
84,60,2
84,68,5
84,71,4
84,73,5
84,76,7
84,77,1
84,79,6
84,82,8
84,84,2
84,87,2
84,90,2
84,92,4
84,97,3
84,100,4
84,106,6
84,108,4
84,111,11
84,112,2
84,113,1
84,114,5
84,116,5
84,117,6
84,119,4
84,122,4
84,125,5
84,130,8
84,131,5
84,132,6
84,134,3
84,136,7
84,138,9
84,139,9
84,140,2
84,142,7
84,143,10
84,144,11
84,147,14
84,148,9
84,149,14
84,150,15
84,152,1
84,155,4
84,158,2
84,160,4
84,162,6
84,163,1
84,168,8
84,171,6
84,176,11
84,213,1
84,218,1
85,0,6
85,13,2
85,26,5
85,31,6
85,40,2
85,44,2
85,53,3
85,54,1
85,57,4
85,60,5
85,62,1
85,64,1
85,68,10
85,71,3
85,73,2
85,76,2
85,79,4
85,82,2
85,84,3
85,87,4
85,90,4
85,92,6
85,97,6
85,98,2
85,100,7
85,106,4
85,111,5
85,116,1
85,117,7
85,119,6
85,122,7
85,124,2
85,125,7
85,126,2
85,130,14
85,131,11
85,132,11
85,134,9
85,135,5
85,136,14
85,138,11
85,139,1
85,143,4
85,144,2
85,147,4
85,149,6
85,150,1
85,152,5
85,155,8
85,156,3
85,158,6
85,160,9
85,162,11
85,163,7
85,168,14
85,171,15
85,176,4
85,199,1
85,239,1
86,0,2
86,13,5
86,26,2
86,31,2
86,40,3
86,44,4
86,49,1
86,50,1
86,53,6
86,54,2
86,57,3
86,60,2
86,68,2
86,71,3
86,73,4
86,76,5
86,79,6
86,82,5
86,84,6
86,87,7
86,90,8
86,92,4
86,97,2
86,100,4
86,106,6
86,111,9
86,116,4
86,117,10
86,119,11
86,120,2
86,122,19
86,124,5
86,125,6
86,130,4
86,131,2
86,132,5
86,136,6
86,138,8
86,139,5
86,142,3
86,143,7
86,144,6
86,147,9
86,148,2
86,149,11
86,150,7
86,152,11
86,155,14
86,156,9
86,158,15
86,160,1
86,162,4
86,168,4
86,171,1
86,176,8
86,221,1
86,226,1
87,0,5
87,13,2
87,26,3
87,31,4
87,37,1
87,40,6
87,44,3
87,53,2
87,57,3
87,60,4
87,62,1
87,68,5
87,71,7
87,73,6
87,76,10
87,79,4
87,82,2
87,84,2
87,87,4
87,90,2
87,92,6
87,97,4
87,100,6
87,106,10
87,108,6
87,111,11
87,117,4
87,119,5
87,122,6
87,124,1
87,125,7
87,130,7
87,131,6
87,132,9
87,134,2
87,136,11
87,138,14
87,139,11
87,140,3
87,142,9
87,143,14
87,144,15
87,147,1
87,149,4
87,152,2
87,155,4
87,158,1
87,160,5
87,162,8
87,163,3
87,168,9
87,171,7
87,176,14
87,207,1
87,213,1
88,0,2
88,13,3
88,26,6
88,31,3
88,40,2
88,44,3
88,49,1
88,53,4
88,57,7
88,59,1
88,60,6
88,62,2
88,68,2
88,71,2
88,73,4
88,76,2
88,79,6
88,82,4
88,84,4
88,87,6
88,90,5
88,92,8
88,94,1
88,97,8
88,100,4
88,106,5
88,111,8
88,117,7
88,119,9
88,122,11
88,124,4
88,125,10
88,126,3
88,127,2
88,130,19
88,131,15
88,132,11
88,136,4
88,138,4
88,139,2
88,143,6
88,144,1
88,147,5
88,149,8
88,150,3
88,152,6
88,155,9
88,156,2
88,158,7
88,160,11
88,162,14
88,163,9
88,168,1
88,176,4
88,194,1
88,199,1
89,0,3
89,13,6
89,26,2
89,31,3
89,40,4
89,44,7
89,46,1
89,49,2
89,53,3
89,57,2
89,60,4
89,68,4
89,71,5
89,73,6
89,76,5
89,79,8
89,82,6
89,84,8
89,87,4
89,90,2
89,92,5
89,97,2
89,100,6
89,106,7
89,111,14
89,114,2
89,116,6
89,117,14
89,119,11
89,122,4
89,125,4
89,130,6
89,131,1
89,132,8
89,136,8
89,138,7
89,139,6
89,140,2
89,142,2
89,143,11
89,144,7
89,147,11
89,148,3
89,149,14
89,150,9
89,152,15
89,155,1
89,160,2
89,162,4
89,168,5
89,171,3
89,176,9
89,215,1
89,221,1
90,0,6
90,13,2
90,26,4
90,31,7
90,40,3
90,44,2
90,53,3
90,57,5
90,60,6
90,68,7
90,71,10
90,73,4
90,76,2
90,79,5
90,82,4
90,84,2
90,87,6
90,90,4
90,92,7
90,97,5
90,100,8
90,102,1
90,106,6
90,111,4
90,117,6
90,119,8
90,122,8
90,125,7
90,126,2
90,130,11
90,131,7
90,132,14
90,134,3
90,135,2
90,136,14
90,138,19
90,139,15
90,140,5
90,143,4
90,147,2
90,149,4
90,152,1
90,155,5
90,158,3
90,160,6
90,162,9
90,163,2
90,168,11
90,171,9
90,176,1
90,202,1
90,207,1
91,0,2
91,13,4
91,26,3
91,31,2
91,40,3
91,44,5
91,53,7
91,54,1
91,57,10
91,60,4
91,68,4
91,71,2
91,73,6
91,76,4
91,79,7
91,82,6
91,84,5
91,87,8
91,89,1
91,90,6
91,92,6
91,97,2
91,100,5
91,106,7
91,111,7
91,117,11
91,119,14
91,122,16
91,124,5
91,125,14
91,126,5
91,130,4
91,132,4
91,136,4
91,138,6
91,139,1
91,140,1
91,143,8
91,144,3
91,147,6
91,148,2
91,149,9
91,150,2
91,152,7
91,155,11
91,156,3
91,158,9
91,160,15
91,162,1
91,168,2
91,176,5
91,188,1
91,194,1
92,0,4
92,13,3
92,26,3
92,31,5
92,40,7
92,44,10
92,53,2
92,57,2
92,60,6
92,68,6
92,71,5
92,73,8
92,76,7
92,79,6
92,82,4
92,84,2
92,87,5
92,90,4
92,92,7
92,97,4
92,100,7
92,106,10
92,108,2
92,110,1
92,111,19
92,117,4
92,119,4
92,122,4
92,125,6
92,126,1
92,130,8
92,131,3
92,132,7
92,134,2
92,136,9
92,138,11
92,139,7
92,140,4
92,142,3
92,143,14
92,144,9
92,147,15
92,148,5
92,149,1
92,155,2
92,160,1
92,162,5
92,168,6
92,171,2
92,175,1
92,176,11
92,215,1
93,0,3
93,13,3
93,26,7
93,31,10
93,40,2
93,44,2
93,53,5
93,57,5
93,60,8
93,62,1
93,68,4
93,71,2
93,73,5
93,76,4
93,79,7
93,82,6
93,84,4
93,87,7
93,90,6
93,92,10
93,97,7
93,100,6
93,106,4
93,111,6
93,117,8
93,119,7
93,122,9
93,125,11
93,126,4
93,130,16
93,131,9
93,132,19
93,134,5
93,136,1
93,138,4
93,143,4
93,147,1
93,148,1
93,149,5
93,152,3
93,155,6
93,156,2
93,158,2
93,160,7
93,162,11
93,163,3
93,168,15
93,176,2
93,196,1
93,202,1
94,0,3
94,13,7
94,26,2
94,31,2
94,40,5
94,44,5
94,49,1
94,53,10
94,57,2
94,60,5
94,68,6
94,71,4
94,73,7
94,76,6
94,79,10
94,82,8
94,84,6
94,87,6
94,90,4
94,92,4
94,97,4
94,100,7
94,106,7
94,111,11
94,116,2
94,117,14
94,118,1
94,119,19
94,122,1
94,125,4
94,130,4
94,132,6
94,134,1
94,136,5
94,138,8
94,139,3
94,142,2
94,143,9
94,144,2
94,147,7
94,148,4
94,149,11
94,150,3
94,152,9
94,155,15
94,156,5
94,162,2
94,168,1
94,176,6
94,183,1
94,188,1
95,0,7
95,13,2
95,26,5
95,31,5
95,40,10
95,44,2
95,53,2
95,57,4
95,60,7
95,68,8
95,71,7
95,73,6
95,76,4
95,79,4
95,82,5
95,84,4
95,87,7
95,90,6
95,92,7
95,97,6
95,100,10
95,105,1
95,106,14
95,111,4
95,117,4
95,119,6
95,122,5
95,125,8
95,130,9
95,131,2
95,132,11
95,134,4
95,136,11
95,138,16
95,139,9
95,140,5
95,142,5
95,143,1
95,149,2
95,155,1
95,156,1
95,160,3
95,162,6
95,163,2
95,168,7
95,171,3
95,175,1
95,176,15
95,204,1
96,0,2
96,13,5
96,26,10
96,31,2
96,40,2
96,44,4
96,53,5
96,57,7
96,60,6
96,68,5
96,71,4
96,73,7
96,76,6
96,79,7
96,82,7
96,84,6
96,87,10
96,90,8
96,92,14
96,97,4
96,100,4
96,106,6
96,111,8
96,117,9
96,119,11
96,122,11
96,124,2
96,125,14
96,126,6
96,130,1
96,132,4
96,136,2
96,138,4
96,142,1
96,143,5
96,147,3
96,149,6
96,150,2
96,152,2
96,155,7
96,156,4
96,158,3
96,160,9
96,162,15
96,163,5
96,176,1
96,191,1
96,196,1
97,0,5
97,13,10
97,26,2
97,31,4
97,40,5
97,44,7
97,53,2
97,57,4
97,60,7
97,68,7
97,71,6
97,73,10
97,76,8
97,79,14
97,82,6
97,84,4
97,87,4
97,90,5
97,92,6
97,97,6
97,100,7
97,106,11
97,111,16
97,113,1
97,117,1
97,119,4
97,122,2
97,125,4
97,130,5
97,132,8
97,136,6
97,138,9
97,139,2
97,142,4
97,143,11
97,144,3
97,147,9
97,148,5
97,149,15
97,150,5
97,162,1
97,163,1
97,168,3
97,171,2
97,176,7
97,183,1
97,212,1
98,0,10
98,13,2
98,26,5
98,31,7
98,40,2
98,44,4
98,53,4
98,57,6
98,60,10
98,68,6
98,71,4
98,73,4
98,76,5
98,79,6
98,82,7
98,84,6
98,87,7
98,90,7
98,92,11
98,97,8
98,99,1
98,100,14
98,106,4
98,111,4
98,117,5
98,119,8
98,122,6
98,125,9
98,130,11
98,131,3
98,132,16
98,134,5
98,136,15
98,138,1
98,143,2
98,149,1
98,150,1
98,155,3
98,158,2
98,160,2
98,162,7
98,163,4
98,168,9
98,171,5
98,198,1
98,204,1
99,0,2
99,13,5
99,26,2
99,31,4
99,40,4
99,44,6
99,53,7
99,57,4
99,60,4
99,68,7
99,71,6
99,73,7
99,76,7
99,79,11
99,82,10
99,84,8
99,87,14
99,90,6
99,92,4
99,97,5
99,100,6
99,106,8
99,111,9
99,117,11
99,119,16
99,120,1
99,122,15
99,125,1
99,130,2
99,132,4
99,136,1
99,138,5
99,143,6
99,144,2
99,147,2
99,149,7
99,150,4
99,152,3
99,155,9
99,156,5
99,158,5
99,171,1
99,176,3
99,185,1
99,191,1
100,0,5
100,13,2
100,26,4
100,31,6
100,40,7
100,44,4
100,53,4
100,57,6
100,60,7
100,68,10
100,71,8
100,73,14
100,76,6
100,79,4
100,82,4
100,84,5
100,87,6
100,90,7
100,92,8
100,97,7
100,100,11
100,106,14
100,107,1
100,111,1
100,117,2
100,119,4
100,122,1
100,125,5
100,130,6
100,131,2
100,132,9
100,136,7
100,138,11
100,139,3
100,140,2
100,142,5
100,143,15
100,144,5
100,158,1
100,162,3
100,168,2
100,171,4
100,176,9
100,206,1
100,212,1
101,0,2
101,13,4
101,26,7
101,31,4
101,40,4
101,44,6
101,53,6
101,57,8
101,60,14
101,68,4
101,71,5
101,73,6
101,76,7
101,79,8
101,82,7
101,84,7
101,87,11
101,90,10
101,92,14
101,97,6
101,100,4
101,106,4
101,111,5
101,117,6
101,119,9
101,122,7
101,125,11
101,126,2
101,128,1
101,130,15
101,131,5
101,132,1
101,138,2
101,143,1
101,144,1
101,149,3
101,152,2
101,155,2
101,158,4
101,160,3
101,162,9
101,163,5
101,193,1
101,198,1
102,0,4
102,13,7
102,26,4
102,31,6
102,40,6
102,44,8
102,53,4
102,57,5
102,60,6
102,68,7
102,71,7
102,73,11
102,76,10
102,79,14
102,82,14
102,84,6
102,87,4
102,90,4
102,92,4
102,97,7
102,100,8
102,106,9
102,111,11
102,115,1
102,117,15
102,119,1
102,125,2
102,130,1
102,131,1
102,132,5
102,136,3
102,138,6
102,139,2
102,143,7
102,144,4
102,147,3
102,148,2
102,149,9
102,150,5
102,152,5
102,176,2
102,185,1
102,214,1
103,0,7
103,13,4
103,26,6
103,31,8
103,40,4
103,44,5
103,53,6
103,57,7
103,60,11
103,68,14
103,71,6
103,73,4
103,76,4
103,79,4
103,82,6
103,84,7
103,87,8
103,90,7
103,92,9
103,97,10
103,100,14
103,106,1
103,111,2
103,117,1
103,119,5
103,122,3
103,125,6
103,130,7
103,131,4
103,132,11
103,134,2
103,136,10
103,138,15
103,139,5
103,152,1
103,160,2
103,162,2
103,168,3
103,171,5
103,201,1
103,206,1
104,0,4
104,13,6
104,26,4
104,31,5
104,40,6
104,44,7
104,53,8
104,57,6
104,60,4
104,68,6
104,71,7
104,73,8
104,76,7
104,79,9
104,82,11
104,84,10
104,87,14
104,90,14
104,92,1
104,97,4
104,100,4
104,106,5
104,111,6
104,117,7
104,119,11
104,122,9
104,123,1
104,125,15
104,132,2
104,138,1
104,139,1
104,143,3
104,147,2
104,149,2
104,152,4
104,155,3
104,156,2
104,158,5
104,160,5
104,193,1
104,222,1
105,0,6
105,13,4
105,26,6
105,31,7
105,40,8
105,44,6
105,53,5
105,57,7
105,60,8
105,68,11
105,71,10
105,73,14
105,76,14
105,79,1
105,82,4
105,84,4
105,87,4
105,90,6
105,92,5
105,97,7
105,100,9
105,106,11
105,111,15
105,119,2
105,125,1
105,130,3
105,132,6
105,136,2
105,138,7
105,139,4
105,142,2
105,143,9
105,144,6
105,147,5
105,160,1
105,168,2
105,176,3
105,208,1
105,214,1
106,0,4
106,13,6
106,26,8
106,31,6
106,40,5
106,44,7
106,53,7
106,57,10
106,60,14
106,68,4
106,71,4
106,73,4
106,76,6
106,79,5
106,82,8
106,84,7
106,87,9
106,90,11
106,92,11
106,97,14
106,100,1
106,106,2
106,111,1
106,117,3
106,119,6
106,122,2
106,125,7
106,130,9
106,131,6
106,132,15
106,147,1
106,155,2
106,160,4
106,162,3
106,163,2
106,168,5
106,201,1
106,230,1
107,0,6
107,13,8
107,26,5
107,31,7
107,40,7
107,44,10
107,53,6
107,57,4
107,60,4
107,68,8
107,71,7
107,73,9
107,76,11
107,79,11
107,82,14
107,84,14
107,87,1
107,90,4
107,92,2
107,97,6
107,100,5
107,106,6
107,111,7
107,117,10
107,119,15
107,132,1
107,138,3
107,143,2
107,147,4
107,149,3
107,150,2
107,152,5
107,155,5
107,168,1
107,176,2
107,216,1
107,222,1
108,0,8
108,13,5
108,26,7
108,31,10
108,40,6
108,44,4
108,53,7
108,57,7
108,60,9
108,68,14
108,71,14
108,73,1
108,76,4
108,79,2
108,82,4
108,84,6
108,87,5
108,90,8
108,92,6
108,97,11
108,100,11
108,106,15
108,119,1
108,125,3
108,130,2
108,132,7
108,136,3
108,138,10
108,139,5
108,155,1
108,162,2
108,168,4
108,171,2
108,176,5
108,203,1
108,208,1
109,0,5
109,13,7
109,26,6
109,31,4
109,40,7
109,44,7
109,53,10
109,57,14
109,60,1
109,68,4
109,71,6
109,73,5
109,76,8
109,79,6
109,82,9
109,84,11
109,87,11
109,90,14
109,92,15
109,97,4
109,100,2
109,106,1
109,111,3
109,117,2
109,119,7
109,122,3
109,125,10
109,149,2
109,155,4
109,158,2
109,160,5
109,162,5
109,176,1
109,190,1
109,230,1
110,0,7
110,13,6
110,26,7
110,31,7
110,40,10
110,44,14
110,53,4
110,57,6
110,60,5
110,68,9
110,71,11
110,73,11
110,76,14
110,79,15
110,82,1
110,84,4
110,87,2
110,90,4
110,92,1
110,97,8
110,100,6
110,106,7
110,111,9
110,112,1
110,132,3
110,136,2
110,138,2
110,143,3
110,144,2
110,147,5
110,149,5
110,162,1
110,176,5
110,216,1
111,0,6
111,13,7
111,26,10
111,31,14
111,40,4
111,44,6
111,53,7
111,57,11
111,60,11
111,68,1
111,71,4
111,73,2
111,76,4
111,79,1
111,82,5
111,84,8
111,87,6
111,90,9
111,92,7
111,97,14
111,98,1
111,100,15
111,119,3
111,122,2
111,125,2
111,130,3
111,131,2
111,132,9
111,136,5
111,149,1
111,162,4
111,163,1
111,168,5
111,203,1
112,0,7
112,13,10
112,26,4
112,31,6
112,40,7
112,44,11
112,53,14
112,57,4
112,60,2
112,68,5
112,71,8
112,73,6
112,76,9
112,79,7
112,82,11
112,84,14
112,87,15
112,90,1
112,97,4
112,100,1
112,106,3
112,111,2
112,117,3
112,119,9
112,120,1
112,122,5
112,136,1
112,143,2
112,149,4
112,152,2
112,155,5
112,184,1
112,190,1
113,0,10
113,13,4
113,26,7
113,31,11
113,40,14
113,44,4
113,53,6
113,57,8
113,60,6
113,68,11
113,71,14
113,73,15
113,76,1
113,82,2
113,84,4
113,87,1
113,90,5
113,92,3
113,97,9
113,100,7
113,106,10
113,122,1
113,130,2
113,132,2
113,136,4
113,138,3
113,139,2
113,143,5
113,171,1
113,176,6
114,0,4
114,13,7
114,26,14
114,31,4
114,40,6
114,44,8
114,53,11
114,57,14
114,60,15
114,68,2
114,71,4
114,73,1
114,76,5
114,79,3
114,82,6
114,84,9
114,87,7
114,90,11
114,92,9
114,97,1
114,117,2
114,119,2
114,122,4
114,125,3
114,127,1
114,130,5
114,143,1
114,160,2
114,162,5
114,163,1
114,192,1
115,0,7
115,13,14
115,26,6
115,31,8
115,40,11
115,44,14
115,53,4
115,57,4
115,60,1
115,68,6
115,71,9
115,73,7
115,76,11
115,79,9
115,82,15
115,84,1
115,90,2
115,97,5
115,100,3
115,106,2
115,111,3
115,114,1
115,117,5
115,130,1
115,138,2
115,143,4
115,147,2
115,149,5
115,178,1
115,184,1
116,0,14
116,13,6
116,26,11
116,31,14
116,40,4
116,44,4
116,53,8
116,57,9
116,60,7
116,68,15
116,71,1
116,76,2
116,82,1
116,84,5
116,87,3
116,90,6
116,92,2
116,97,11
116,100,9
116,117,1
116,125,2
116,130,4
116,132,3
116,135,1
116,136,5
116,138,5
116,168,2
116,171,1
116,200,1
117,0,6
117,13,11
117,26,4
117,31,4
117,40,8
117,44,9
117,53,14
117,57,1
117,68,1
117,71,5
117,73,3
117,76,6
117,79,2
117,82,7
117,84,11
117,87,9
117,90,15
117,97,2
117,111,2
117,117,4
117,119,3
117,122,6
117,125,5
117,138,1
117,155,2
117,186,1
117,192,1
118,0,11
118,13,4
118,26,8
118,31,9
118,40,14
118,44,1
118,53,4
118,57,5
118,60,3
118,68,7
118,71,11
118,73,9
118,76,15
118,84,2
118,90,1
118,97,6
118,100,2
118,106,3
118,108,1
118,111,5
118,125,1
118,132,2
118,138,4
118,143,5
118,176,2
118,178,1
118,207,1
119,0,4
119,13,8
119,26,14
119,31,1
119,40,4
119,44,5
119,53,9
119,57,11
119,60,9
119,71,2
119,76,1
119,82,3
119,84,6
119,87,2
119,90,7
119,92,3
119,97,15
119,111,1
119,119,2
119,125,4
119,130,6
119,132,5
119,162,2
119,194,1
119,200,1
120,0,8
120,13,14
120,26,4
120,31,5
120,40,9
120,44,11
120,53,1
120,57,2
120,68,3
120,71,6
120,73,2
120,76,7
120,79,3
120,82,9
120,84,15
120,97,1
120,106,2
120,111,4
120,116,1
120,117,5
120,119,5
120,132,1
120,149,2
120,186,1
120,215,1
121,0,14
121,13,4
121,26,9
121,31,11
121,40,1
121,44,2
121,53,5
121,57,6
121,60,2
121,68,9
121,71,15
121,84,1
121,90,3
121,92,2
121,97,7
121,100,3
121,106,5
121,119,1
121,132,4
121,136,2
121,138,6
121,202,1
121,207,1
122,0,4
122,13,9
122,26,1
122,31,2
122,40,5
122,44,6
122,53,11
122,57,15
122,71,1
122,76,3
122,79,2
122,82,2
122,84,7
122,87,3
122,90,9
122,92,5
122,106,1
122,119,4
122,122,2
122,124,1
122,125,5
122,189,1
122,194,1
123,0,9
123,13,1
123,26,5
123,31,6
123,40,11
123,44,15
123,53,2
123,57,1
123,68,2
123,71,7
123,73,3
123,76,9
123,79,5
123,92,1
123,97,3
123,100,2
123,106,4
123,111,6
123,143,2
123,175,1
123,215,1
124,0,1
124,13,5
124,26,11
124,31,15
124,40,2
124,44,1
124,53,6
124,57,7
124,60,3
124,79,1
124,84,3
124,87,2
124,90,2
124,92,4
124,97,9
124,100,5
124,130,2
124,132,6
124,162,1
124,202,1
125,0,5
125,13,11
125,26,2
125,31,1
125,40,6
125,44,7
125,53,15
125,71,3
125,73,2
125,76,2
125,79,4
125,82,3
125,84,9
125,87,5
125,100,1
125,117,2
125,119,6
125,183,1
125,189,1
126,0,11
126,13,2
126,26,6
126,31,7
126,40,15
126,53,1
126,57,3
126,60,2
126,68,3
126,71,9
126,73,5
126,87,1
126,97,2
126,100,4
126,106,5
126,138,2
126,140,1
126,170,1
126,175,1
127,0,2
127,13,6
127,26,15
127,40,1
127,44,3
127,53,7
127,57,9
127,60,5
127,73,1
127,82,2
127,84,2
127,87,4
127,90,3
127,92,5
127,125,2
127,126,1
127,156,1
127,162,1
128,0,6
128,13,15
128,26,1
128,31,3
128,40,7
128,44,9
128,60,1
128,68,2
128,71,2
128,73,4
128,76,3
128,79,5
128,82,5
128,111,2
128,148,1
128,177,1
128,183,1
129,0,15
129,13,1
129,26,7
129,31,9
129,53,3
129,57,2
129,60,4
129,68,5
129,82,1
129,90,2
129,97,3
129,100,5
129,132,2
129,134,1
129,164,1
129,170,1
130,0,1
130,13,7
130,40,3
130,44,2
130,53,9
130,68,1
130,76,2
130,82,4
130,84,3
130,87,5
130,90,5
130,119,2
130,151,1
130,156,2
131,0,7
131,26,3
131,31,2
131,40,9
131,68,4
131,71,3
131,73,5
131,76,5
131,90,1
131,97,2
131,106,2
131,137,1
131,142,1
131,177,1
132,13,3
132,26,9
132,53,2
132,57,3
132,60,5
132,76,1
132,84,2
132,90,4
132,92,2
132,97,5
132,124,1
132,163,1
132,164,1
133,0,3
133,13,9
133,40,2
133,44,3
133,71,2
133,76,4
133,79,2
133,82,5
133,84,5
133,97,1
133,110,1
133,150,1
133,151,1
134,0,9
134,26,2
134,31,3
134,57,2
134,68,5
134,71,5
134,84,1
134,97,5
134,100,2
134,137,1
134,171,1
135,13,2
135,44,2
135,53,3
135,57,5
135,71,1
135,84,4
135,87,2
135,90,5
135,118,1
135,124,1
135,158,1
136,0,2
136,31,2
136,40,3
136,44,5
136,57,1
136,71,4
136,73,2
136,76,5
136,105,1
136,110,1
136,144,1
137,26,3
137,31,5
137,44,1
137,53,2
137,57,4
137,60,2
137,92,1
137,97,6
137,131,1
138,13,3
138,31,1
138,40,2
138,44,4
138,53,5
138,78,1
138,82,2
138,84,5
138,118,1
138,152,1
139,0,3
139,26,2
139,31,4
139,40,5
139,53,1
139,68,2
139,71,5
139,100,1
139,105,1
139,139,1
140,13,2
140,26,5
140,40,1
140,53,4
140,57,5
140,86,1
140,90,2
140,92,1
140,160,1
141,0,2
141,13,5
141,26,1
141,40,4
141,44,5
141,76,2
141,78,1
141,107,1
141,147,1
142,0,5
142,13,1
142,26,4
142,31,5
142,94,1
142,97,2
142,100,1
142,168,1
143,0,1
143,13,4
143,53,5
143,81,1
143,84,2
143,86,1
143,155,1
144,0,4
144,40,5
144,71,2
144,102,1
144,107,1
144,176,1
145,26,5
145,57,2
145,89,1
145,94,1
145,162,1
146,13,5
146,44,2
146,81,1
146,110,1
146,149,1
147,0,5
147,31,2
147,96,1
147,102,1
147,136,1
148,53,2
148,83,1
148,89,1
148,122,1
149,40,2
149,70,1
149,110,1
149,143,1
150,26,2
150,56,1
150,96,1
150,130,1
151,13,2
151,78,1
151,83,1
151,117,1
152,0,2
152,65,1
152,70,1
152,138,1
153,56,1
153,86,1
153,125,1
154,73,1
154,78,1
154,111,1
155,59,1
155,65,1
155,132,1
156,46,1
156,86,1
156,119,1
157,68,1
157,73,1
157,106,1
158,54,1
158,59,1
158,92,1
159,46,1
159,76,1
159,79,1
160,62,1
160,68,1
160,100,1
161,49,1
161,54,1
161,87,1
162,71,1
162,73,1
162,76,1
163,57,1
163,60,1
163,62,1
164,44,1
164,49,1
164,82,1
165,31,1
165,68,1
165,71,1
166,53,1
166,57,1
166,90,1
167,40,1
167,44,1
167,76,1
168,26,1
168,31,1
168,97,1
169,13,1
169,53,1
169,84,1
170,0,1
170,40,1
170,71,1
171,26,1
171,57,1
172,13,1
172,44,1
173,0,1
173,31,1
174,53,1
175,40,1
176,26,1
177,13,1
178,0,1
