start,odd_start,compressed_length,exponent_word,exponent_sum,exponent_mean,exponent_one_count,exponent_one_ratio,net_log2_factor,max_odd_value
1,1,0,,0,0.000000,0,0.000000,0.000000,1
2,1,0,,0,0.000000,0,0.000000,0.000000,1
3,3,2,1 4,5,2.500000,1,0.500000,-1.830075,5
4,1,0,,0,0.000000,0,0.000000,0.000000,1
5,5,1,4,4,4.000000,0,0.000000,-2.415037,5
6,3,2,1 4,5,2.500000,1,0.500000,-1.830075,5
7,7,5,1 1 2 3 4,11,2.200000,2,0.400000,-3.075187,17
8,1,0,,0,0.000000,0,0.000000,0.000000,1
9,9,6,2 1 1 2 3 4,13,2.166667,2,0.333333,-3.490225,17
10,5,1,4,4,4.000000,0,0.000000,-2.415037,5
11,11,4,1 2 3 4,10,2.500000,1,0.250000,-3.660150,17
12,3,2,1 4,5,2.500000,1,0.500000,-1.830075,5
13,13,2,3 4,7,3.500000,0,0.000000,-3.830075,13
14,7,5,1 1 2 3 4,11,2.200000,2,0.400000,-3.075187,17
15,15,5,1 1 1 5 4,12,2.400000,3,0.600000,-4.075187,53
16,1,0,,0,0.000000,0,0.000000,0.000000,1
17,17,3,2 3 4,9,3.000000,0,0.000000,-4.245112,17
18,9,6,2 1 1 2 3 4,13,2.166667,2,0.333333,-3.490225,17
19,19,6,1 3 1 2 3 4,14,2.333333,2,0.333333,-4.490225,29
20,5,1,4,4,4.000000,0,0.000000,-2.415037,5
21,21,1,6,6,6.000000,0,0.000000,-4.415037,21
22,11,4,1 2 3 4,10,2.500000,1,0.250000,-3.660150,17
23,23,4,1 1 5 4,11,2.750000,2,0.500000,-4.660150,53
24,3,2,1 4,5,2.500000,1,0.500000,-1.830075,5
25,25,7,2 1 3 1 2 3 4,16,2.285714,2,0.285714,-4.905262,29
26,13,2,3 4,7,3.500000,0,0.000000,-3.830075,13
27,27,41,1 2 1 1 1 1 2 2 1 2 1 1 2 1 1 1 2 3 1 1 2 1 2 1 1 1 1 1 3 1 1 1 4 2 2 4 3 1 1 5 4,70,1.707317,24,0.585366,-5.016537,3077
28,7,5,1 1 2 3 4,11,2.200000,2,0.400000,-3.075187,17
29,29,5,3 1 2 3 4,13,2.600000,1,0.200000,-5.075187,29
30,15,5,1 1 1 5 4,12,2.400000,3,0.600000,-4.075187,53
31,31,39,1 1 1 1 2 2 1 2 1 1 2 1 1 1 2 3 1 1 2 1 2 1 1 1 1 1 3 1 1 1 4 2 2 4 3 1 1 5 4,67,1.717949,23,0.589744,-5.186462,3077
32,1,0,,0,0.000000,0,0.000000,0.000000,1
33,33,8,2 2 1 3 1 2 3 4,18,2.250000,2,0.250000,-5.320300,33
34,17,3,2 3 4,9,3.000000,0,0.000000,-4.245112,17
35,35,3,1 5 4,10,3.333333,1,0.333333,-5.245112,53
36,9,6,2 1 1 2 3 4,13,2.166667,2,0.333333,-3.490225,17
37,37,6,4 1 1 2 3 4,15,2.500000,2,0.333333,-5.490225,37
38,19,6,1 3 1 2 3 4,14,2.333333,2,0.333333,-4.490225,29
39,39,11,1 1 2 1 4 1 3 1 2 3 4,23,2.090909,5,0.454545,-5.565412,101
40,5,1,4,4,4.000000,0,0.000000,-2.415037,5
41,41,40,2 1 1 1 1 2 2 1 2 1 1 2 1 1 1 2 3 1 1 2 1 2 1 1 1 1 1 3 1 1 1 4 2 2 4 3 1 1 5 4,69,1.725000,23,0.575000,-5.601500,3077
42,21,1,6,6,6.000000,0,0.000000,-4.415037,21
43,43,9,1 2 2 4 1 1 2 3 4,20,2.222222,3,0.333333,-5.735337,65
44,11,4,1 2 3 4,10,2.500000,1,0.250000,-3.660150,17
45,45,4,3 2 3 4,12,3.000000,0,0.000000,-5.660150,45
46,23,4,1 1 5 4,11,2.750000,2,0.500000,-4.660150,53
47,47,38,1 1 1 2 2 1 2 1 1 2 1 1 1 2 3 1 1 2 1 2 1 1 1 1 1 3 1 1 1 4 2 2 4 3 1 1 5 4,66,1.736842,22,0.578947,-5.771425,3077
48,3,2,1 4,5,2.500000,1,0.500000,-1.830075,5
49,49,7,2 4 1 1 2 3 4,17,2.428571,2,0.285714,-5.905262,49
50,25,7,2 1 3 1 2 3 4,16,2.285714,2,0.285714,-4.905262,29
51,51,7,1 3 3 1 2 3 4,17,2.428571,2,0.285714,-5.905262,77
52,13,2,3 4,7,3.500000,0,0.000000,-3.830075,13
53,53,2,5 4,9,4.500000,0,0.000000,-5.830075,53
54,27,41,1 2 1 1 1 1 2 2 1 2 1 1 2 1 1 1 2 3 1 1 2 1 2 1 1 1 1 1 3 1 1 1 4 2 2 4 3 1 1 5 4,70,1.707317,24,0.585366,-5.016537,3077
55,55,41,1 1 3 1 1 1 2 2 1 2 1 1 2 1 1 1 2 3 1 1 2 1 2 1 1 1 1 1 3 1 1 1 4 2 2 4 3 1 1 5 4,71,1.731707,24,0.585366,-6.016537,3077
56,7,5,1 1 2 3 4,11,2.200000,2,0.400000,-3.075187,17
57,57,10,2 1 2 2 4 1 1 2 3 4,22,2.200000,3,0.300000,-6.150375,65
58,29,5,3 1 2 3 4,13,2.600000,1,0.200000,-5.075187,29
59,59,10,1 2 1 4 1 3 1 2 3 4,22,2.200000,4,0.400000,-6.150375,101
60,15,5,1 1 1 5 4,12,2.400000,3,0.600000,-4.075187,53
61,61,5,3 1 1 5 4,14,2.800000,2,0.400000,-6.075187,61
62,31,39,1 1 1 1 2 2 1 2 1 1 2 1 1 1 2 3 1 1 2 1 2 1 1 1 1 1 3 1 1 1 4 2 2 4 3 1 1 5 4,67,1.717949,23,0.589744,-5.186462,3077
63,63,39,1 1 1 1 1 4 1 2 1 1 2 1 1 1 2 3 1 1 2 1 2 1 1 1 1 1 3 1 1 1 4 2 2 4 3 1 1 5 4,68,1.743590,24,0.615385,-6.186462,3077
64,1,0,,0,0.000000,0,0.000000,0.000000,1
65,65,8,2 2 4 1 1 2 3 4,19,2.375000,2,0.250000,-6.320300,65
66,33,8,2 2 1 3 1 2 3 4,18,2.250000,2,0.250000,-5.320300,33
67,67,8,1 4 1 3 1 2 3 4,19,2.375000,3,0.375000,-6.320300,101
68,17,3,2 3 4,9,3.000000,0,0.000000,-4.245112,17
69,69,3,4 3 4,11,3.666667,0,0.000000,-6.245112,69
70,35,3,1 5 4,10,3.333333,1,0.333333,-5.245112,53
71,71,37,1 1 2 2 1 2 1 1 2 1 1 1 2 3 1 1 2 1 2 1 1 1 1 1 3 1 1 1 4 2 2 4 3 1 1 5 4,65,1.756757,21,0.567568,-6.356387,3077
72,9,6,2 1 1 2 3 4,13,2.166667,2,0.333333,-3.490225,17
73,73,42,2 1 1 3 1 1 1 2 2 1 2 1 1 2 1 1 1 2 3 1 1 2 1 2 1 1 1 1 1 3 1 1 1 4 2 2 4 3 1 1 5 4,73,1.738095,24,0.571429,-6.431575,3077
74,37,6,4 1 1 2 3 4,15,2.500000,2,0.333333,-5.490225,37
75,75,3,1 2 8,11,3.666667,1,0.333333,-6.245112,113
76,19,6,1 3 1 2 3 4,14,2.333333,2,0.333333,-4.490225,29
77,77,6,3 3 1 2 3 4,16,2.666667,1,0.166667,-6.490225,77
78,39,11,1 1 2 1 4 1 3 1 2 3 4,23,2.090909,5,0.454545,-5.565412,101
79,79,11,1 1 1 3 4 1 3 1 2 3 4,24,2.181818,5,0.454545,-6.565412,269
80,5,1,4,4,4.000000,0,0.000000,-2.415037,5
81,81,6,2 3 1 1 5 4,16,2.666667,2,0.333333,-6.490225,81
82,41,40,2 1 1 1 1 2 2 1 2 1 1 2 1 1 1 2 3 1 1 2 1 2 1 1 1 1 1 3 1 1 1 4 2 2 4 3 1 1 5 4,69,1.725000,23,0.575000,-5.601500,3077
83,83,40,1 3 1 1 1 2 2 1 2 1 1 2 1 1 1 2 3 1 1 2 1 2 1 1 1 1 1 3 1 1 1 4 2 2 4 3 1 1 5 4,70,1.750000,23,0.575000,-6.601500,3077
84,21,1,6,6,6.000000,0,0.000000,-4.415037,21
85,85,1,8,8,8.000000,0,0.000000,-6.415037,85
86,43,9,1 2 2 4 1 1 2 3 4,20,2.222222,3,0.333333,-5.735337,65
87,87,9,1 1 4 4 1 1 2 3 4,21,2.333333,4,0.444444,-6.735337,197
88,11,4,1 2 3 4,10,2.500000,1,0.250000,-3.660150,17
89,89,9,2 1 4 1 3 1 2 3 4,21,2.333333,3,0.333333,-6.735337,101
90,45,4,3 2 3 4,12,3.000000,0,0.000000,-5.660150,45
91,91,33,1 2 1 1 2 1 1 1 2 3 1 1 2 1 2 1 1 1 1 1 3 1 1 1 4 2 2 4 3 1 1 5 4,59,1.787879,19,0.575758,-6.696237,3077
92,23,4,1 1 5 4,11,2.750000,2,0.500000,-4.660150,53
93,93,4,3 1 5 4,13,3.250000,1,0.250000,-6.660150,93
94,47,38,1 1 1 2 2 1 2 1 1 2 1 1 1 2 3 1 1 2 1 2 1 1 1 1 1 3 1 1 1 4 2 2 4 3 1 1 5 4,66,1.736842,22,0.578947,-5.771425,3077
95,95,38,1 1 1 1 4 1 2 1 1 2 1 1 1 2 3 1 1 2 1 2 1 1 1 1 1 3 1 1 1 4 2 2 4 3 1 1 5 4,67,1.763158,23,0.605263,-6.771425,3077
96,3,2,1 4,5,2.500000,1,0.500000,-1.830075,5
97,97,43,2 2 1 1 3 1 1 1 2 2 1 2 1 1 2 1 1 1 2 3 1 1 2 1 2 1 1 1 1 1 3 1 1 1 4 2 2 4 3 1 1 5 4,75,1.744186,24,0.558140,-6.846612,3077
98,49,7,2 4 1 1 2 3 4,17,2.428571,2,0.285714,-5.905262,49
99,99,7,1 6 1 1 2 3 4,18,2.571429,3,0.428571,-6.905262,149
100,25,7,2 1 3 1 2 3 4,16,2.285714,2,0.285714,-4.905262,29
101,101,7,4 1 3 1 2 3 4,18,2.571429,2,0.285714,-6.905262,101
102,51,7,1 3 3 1 2 3 4,17,2.428571,2,0.285714,-5.905262,77
103,103,31,1 1 2 1 1 1 2 3 1 1 2 1 2 1 1 1 1 1 3 1 1 1 4 2 2 4 3 1 1 5 4,56,1.806452,18,0.580645,-6.866162,3077
104,13,2,3 4,7,3.500000,0,0.000000,-3.830075,13
105,105,12,2 1 1 1 3 4 1 3 1 2 3 4,26,2.166667,5,0.416667,-6.980450,269
106,53,2,5 4,9,4.500000,0,0.000000,-5.830075,53
107,107,36,1 2 2 1 2 1 1 2 1 1 1 2 3 1 1 2 1 2 1 1 1 1 1 3 1 1 1 4 2 2 4 3 1 1 5 4,64,1.777778,20,0.555556,-6.941350,3077
108,27,41,1 2 1 1 1 1 2 2 1 2 1 1 2 1 1 1 2 3 1 1 2 1 2 1 1 1 1 1 3 1 1 1 4 2 2 4 3 1 1 5 4,70,1.707317,24,0.585366,-5.016537,3077
109,109,41,3 2 1 1 1 1 2 2 1 2 1 1 2 1 1 1 2 3 1 1 2 1 2 1 1 1 1 1 3 1 1 1 4 2 2 4 3 1 1 5 4,72,1.756098,23,0.560976,-7.016537,3077
110,55,41,1 1 3 1 1 1 2 2 1 2 1 1 2 1 1 1 2 3 1 1 2 1 2 1 1 1 1 1 3 1 1 1 4 2 2 4 3 1 1 5 4,71,1.731707,24,0.585366,-6.016537,3077
111,111,24,1 1 1 2 1 2 1 1 1 1 1 3 1 1 1 4 2 2 4 3 1 1 5 4,45,1.875000,14,0.583333,-6.960900,3077
112,7,5,1 1 2 3 4,11,2.200000,2,0.400000,-3.075187,17
113,113,2,2 8,10,5.000000,0,0.000000,-6.830075,113
114,57,10,2 1 2 2 4 1 1 2 3 4,22,2.200000,3,0.300000,-6.150375,65
115,115,10,1 3 2 2 4 1 1 2 3 4,23,2.300000,3,0.300000,-7.150375,173
116,29,5,3 1 2 3 4,13,2.600000,1,0.200000,-5.075187,29
117,117,5,5 1 2 3 4,15,3.000000,1,0.200000,-7.075187,117
118,59,10,1 2 1 4 1 3 1 2 3 4,22,2.200000,4,0.400000,-6.150375,101
119,119,10,1 1 3 4 1 3 1 2 3 4,23,2.300000,4,0.400000,-7.150375,269
120,15,5,1 1 1 5 4,12,2.400000,3,0.600000,-4.075187,53
121,121,34,2 1 2 1 1 2 1 1 1 2 3 1 1 2 1 2 1 1 1 1 1 3 1 1 1 4 2 2 4 3 1 1 5 4,61,1.794118,19,0.558824,-7.111275,3077
122,61,5,3 1 1 5 4,14,2.800000,2,0.400000,-6.075187,61
123,123,15,1 2 1 2 3 1 2 1 4 1 3 1 2 3 4,31,2.066667,6,0.400000,-7.225562,209
124,31,39,1 1 1 1 2 2 1 2 1 1 2 1 1 1 2 3 1 1 2 1 2 1 1 1 1 1 3 1 1 1 4 2 2 4 3 1 1 5 4,67,1.717949,23,0.589744,-5.186462,3077
125,125,39,3 1 1 1 2 2 1 2 1 1 2 1 1 1 2 3 1 1 2 1 2 1 1 1 1 1 3 1 1 1 4 2 2 4 3 1 1 5 4,69,1.769231,22,0.564103,-7.186462,3077
126,63,39,1 1 1 1 1 4 1 2 1 1 2 1 1 1 2 3 1 1 2 1 2 1 1 1 1 1 3 1 1 1 4 2 2 4 3 1 1 5 4,68,1.743590,24,0.615385,-6.186462,3077
127,127,15,1 1 1 1 1 1 2 4 3 3 3 1 2 3 4,31,2.066667,7,0.466667,-7.225562,1457
128,1,0,,0,0.000000,0,0.000000,0.000000,1
129,129,44,2 2 2 1 1 3 1 1 1 2 2 1 2 1 1 2 1 1 1 2 3 1 1 2 1 2 1 1 1 1 1 3 1 1 1 4 2 2 4 3 1 1 5 4,77,1.750000,24,0.545455,-7.261650,3077
130,65,8,2 2 4 1 1 2 3 4,19,2.375000,2,0.250000,-6.320300,65
131,131,8,1 4 4 1 1 2 3 4,20,2.500000,3,0.375000,-7.320300,197
132,33,8,2 2 1 3 1 2 3 4,18,2.250000,2,0.250000,-5.320300,33
133,133,8,4 2 1 3 1 2 3 4,20,2.500000,2,0.250000,-7.320300,133
134,67,8,1 4 1 3 1 2 3 4,19,2.375000,3,0.375000,-6.320300,101
135,135,13,1 1 2 4 1 2 2 4 1 1 2 3 4,28,2.153846,5,0.384615,-7.395487,305
136,17,3,2 3 4,9,3.000000,0,0.000000,-4.245112,17
137,137,32,2 1 1 2 1 1 1 2 3 1 1 2 1 2 1 1 1 1 1 3 1 1 1 4 2 2 4 3 1 1 5 4,58,1.812500,18,0.562500,-7.281200,3077
138,69,3,4 3 4,11,3.666667,0,0.000000,-6.245112,69
139,139,13,1 2 3 1 2 1 4 1 3 1 2 3 4,28,2.153846,5,0.384615,-7.395487,209
140,35,3,1 5 4,10,3.333333,1,0.333333,-5.245112,53
141,141,3,3 5 4,12,4.000000,0,0.000000,-7.245112,141
142,71,37,1 1 2 2 1 2 1 1 2 1 1 1 2 3 1 1 2 1 2 1 1 1 1 1 3 1 1 1 4 2 2 4 3 1 1 5 4,65,1.756757,21,0.567568,-6.356387,3077
143,143,37,1 1 1 4 1 2 1 1 2 1 1 1 2 3 1 1 2 1 2 1 1 1 1 1 3 1 1 1 4 2 2 4 3 1 1 5 4,66,1.783784,22,0.594595,-7.356387,3077
144,9,6,2 1 1 2 3 4,13,2.166667,2,0.333333,-3.490225,17
145,145,42,2 3 2 1 1 1 1 2 2 1 2 1 1 2 1 1 1 2 3 1 1 2 1 2 1 1 1 1 1 3 1 1 1 4 2 2 4 3 1 1 5 4,74,1.761905,23,0.547619,-7.431575,3077
146,73,42,2 1 1 3 1 1 1 2 2 1 2 1 1 2 1 1 1 2 3 1 1 2 1 2 1 1 1 1 1 3 1 1 1 4 2 2 4 3 1 1 5 4,73,1.738095,24,0.571429,-6.431575,3077
147,147,42,1 3 1 3 1 1 1 2 2 1 2 1 1 2 1 1 1 2 3 1 1 2 1 2 1 1 1 1 1 3 1 1 1 4 2 2 4 3 1 1 5 4,74,1.761905,24,0.571429,-7.431575,3077
148,37,6,4 1 1 2 3 4,15,2.500000,2,0.333333,-5.490225,37
149,149,6,6 1 1 2 3 4,17,2.833333,2,0.333333,-7.490225,149
150,75,3,1 2 8,11,3.666667,1,0.333333,-6.245112,113
151,151,3,1 1 10,12,4.000000,2,0.666667,-7.245112,341
152,19,6,1 3 1 2 3 4,14,2.333333,2,0.333333,-4.490225,29
153,153,11,2 1 3 2 2 4 1 1 2 3 4,25,2.272727,3,0.272727,-7.565412,173
154,77,6,3 3 1 2 3 4,16,2.666667,1,0.166667,-6.490225,77
155,155,30,1 2 1 1 1 2 3 1 1 2 1 2 1 1 1 1 1 3 1 1 1 4 2 2 4 3 1 1 5 4,55,1.833333,17,0.566667,-7.451125,3077
156,39,11,1 1 2 1 4 1 3 1 2 3 4,23,2.090909,5,0.454545,-5.565412,101
157,157,11,3 1 2 1 4 1 3 1 2 3 4,25,2.272727,4,0.363636,-7.565412,157
158,79,11,1 1 1 3 4 1 3 1 2 3 4,24,2.181818,5,0.454545,-6.565412,269
159,159,18,1 1 1 1 2 1 1 1 1 4 2 2 4 3 1 1 5 4,36,2.000000,10,0.555556,-7.470675,3077
160,5,1,4,4,4.000000,0,0.000000,-2.415037,5
161,161,35,2 2 1 2 1 1 2 1 1 1 2 3 1 1 2 1 2 1 1 1 1 1 3 1 1 1 4 2 2 4 3 1 1 5 4,63,1.800000,19,0.542857,-7.526312,3077
162,81,6,2 3 1 1 5 4,16,2.666667,2,0.333333,-6.490225,81
163,163,6,1 5 1 1 5 4,17,2.833333,3,0.500000,-7.490225,245
164,41,40,2 1 1 1 1 2 2 1 2 1 1 2 1 1 1 2 3 1 1 2 1 2 1 1 1 1 1 3 1 1 1 4 2 2 4 3 1 1 5 4,69,1.725000,23,0.575000,-5.601500,3077
165,165,40,4 1 1 1 1 2 2 1 2 1 1 2 1 1 1 2 3 1 1 2 1 2 1 1 1 1 1 3 1 1 1 4 2 2 4 3 1 1 5 4,71,1.775000,23,0.575000,-7.601500,3077
166,83,40,1 3 1 1 1 2 2 1 2 1 1 2 1 1 1 2 3 1 1 2 1 2 1 1 1 1 1 3 1 1 1 4 2 2 4 3 1 1 5 4,70,1.750000,23,0.575000,-6.601500,3077
167,167,23,1 1 2 1 2 1 1 1 1 1 3 1 1 1 4 2 2 4 3 1 1 5 4,44,1.913043,13,0.565217,-7.545862,3077
168,21,1,6,6,6.000000,0,0.000000,-4.415037,21
169,169,16,2 1 1 1 1 1 1 2 4 3 3 3 1 2 3 4,33,2.062500,7,0.437500,-7.640600,1457
170,85,1,8,8,8.000000,0,0.000000,-6.415037,85
171,171,45,1 2 2 2 3 2 1 1 1 1 2 2 1 2 1 1 2 1 1 1 2 3 1 1 2 1 2 1 1 1 1 1 3 1 1 1 4 2 2 4 3 1 1 5 4,79,1.755556,24,0.533333,-7.676687,3077
172,43,9,1 2 2 4 1 1 2 3 4,20,2.222222,3,0.333333,-5.735337,65
173,173,9,3 2 2 4 1 1 2 3 4,22,2.444444,2,0.222222,-7.735337,173
174,87,9,1 1 4 4 1 1 2 3 4,21,2.333333,4,0.444444,-6.735337,197
175,175,28,1 1 1 2 3 1 1 2 1 2 1 1 1 1 1 3 1 1 1 4 2 2 4 3 1 1 5 4,52,1.857143,16,0.571429,-7.621050,3077
176,11,4,1 2 3 4,10,2.500000,1,0.250000,-3.660150,17
177,177,9,2 4 2 1 3 1 2 3 4,22,2.444444,2,0.222222,-7.735337,177
178,89,9,2 1 4 1 3 1 2 3 4,21,2.333333,3,0.333333,-6.735337,101
179,179,9,1 3 4 1 3 1 2 3 4,22,2.444444,3,0.333333,-7.735337,269
180,45,4,3 2 3 4,12,3.000000,0,0.000000,-5.660150,45
181,181,4,5 2 3 4,14,3.500000,0,0.000000,-7.660150,181
182,91,33,1 2 1 1 2 1 1 1 2 3 1 1 2 1 2 1 1 1 1 1 3 1 1 1 4 2 2 4 3 1 1 5 4,59,1.787879,19,0.575758,-6.696237,3077
183,183,33,1 1 3 1 2 1 1 1 2 3 1 1 2 1 2 1 1 1 1 1 3 1 1 1 4 2 2 4 3 1 1 5 4,60,1.818182,19,0.575758,-7.696237,3077
184,23,4,1 1 5 4,11,2.750000,2,0.500000,-4.660150,53
185,185,14,2 1 2 3 1 2 1 4 1 3 1 2 3 4,30,2.142857,5,0.357143,-7.810525,209
186,93,4,3 1 5 4,13,3.250000,1,0.250000,-6.660150,93
187,187,14,1 2 1 3 1 1 3 4 1 3 1 2 3 4,30,2.142857,6,0.428571,-7.810525,317
188,47,38,1 1 1 2 2 1 2 1 1 2 1 1 1 2 3 1 1 2 1 2 1 1 1 1 1 3 1 1 1 4 2 2 4 3 1 1 5 4,66,1.736842,22,0.578947,-5.771425,3077
189,189,38,3 1 1 2 2 1 2 1 1 2 1 1 1 2 3 1 1 2 1 2 1 1 1 1 1 3 1 1 1 4 2 2 4 3 1 1 5 4,68,1.789474,21,0.552632,-7.771425,3077
190,95,38,1 1 1 1 4 1 2 1 1 2 1 1 1 2 3 1 1 2 1 2 1 1 1 1 1 3 1 1 1 4 2 2 4 3 1 1 5 4,67,1.763158,23,0.605263,-6.771425,3077
191,191,14,1 1 1 1 1 2 4 3 3 3 1 2 3 4,30,2.142857,6,0.428571,-7.810525,1457
192,3,2,1 4,5,2.500000,1,0.500000,-1.830075,5
193,193,43,2 2 3 2 1 1 1 1 2 2 1 2 1 1 2 1 1 1 2 3 1 1 2 1 2 1 1 1 1 1 3 1 1 1 4 2 2 4 3 1 1 5 4,76,1.767442,23,0.534884,-7.846612,3077
194,97,43,2 2 1 1 3 1 1 1 2 2 1 2 1 1 2 1 1 1 2 3 1 1 2 1 2 1 1 1 1 1 3 1 1 1 4 2 2 4 3 1 1 5 4,75,1.744186,24,0.558140,-6.846612,3077
195,195,43,1 4 1 1 3 1 1 1 2 2 1 2 1 1 2 1 1 1 2 3 1 1 2 1 2 1 1 1 1 1 3 1 1 1 4 2 2 4 3 1 1 5 4,76,1.767442,25,0.581395,-7.846612,3077
196,49,7,2 4 1 1 2 3 4,17,2.428571,2,0.285714,-5.905262,49
197,197,7,4 4 1 1 2 3 4,19,2.714286,2,0.285714,-7.905262,197
198,99,7,1 6 1 1 2 3 4,18,2.571429,3,0.428571,-6.905262,149
199,199,43,1 1 2 2 3 1 1 1 1 4 1 2 1 1 2 1 1 1 2 3 1 1 2 1 2 1 1 1 1 1 3 1 1 1 4 2 2 4 3 1 1 5 4,76,1.767442,25,0.581395,-7.846612,3077
200,25,7,2 1 3 1 2 3 4,16,2.285714,2,0.285714,-4.905262,29
201,201,4,2 1 1 10,14,3.500000,2,0.500000,-7.660150,341
202,101,7,4 1 3 1 2 3 4,18,2.571429,2,0.285714,-6.905262,101
203,203,12,1 2 4 1 2 2 4 1 1 2 3 4,27,2.250000,4,0.333333,-7.980450,305
204,51,7,1 3 3 1 2 3 4,17,2.428571,2,0.285714,-5.905262,77
205,205,7,3 3 3 1 2 3 4,19,2.714286,1,0.142857,-7.905262,205
206,103,31,1 1 2 1 1 1 2 3 1 1 2 1 2 1 1 1 1 1 3 1 1 1 4 2 2 4 3 1 1 5 4,56,1.806452,18,0.580645,-6.866162,3077
207,207,31,1 1 1 3 1 1 2 3 1 1 2 1 2 1 1 1 1 1 3 1 1 1 4 2 2 4 3 1 1 5 4,57,1.838710,18,0.580645,-7.866162,3077
208,13,2,3 4,7,3.500000,0,0.000000,-3.830075,13
209,209,12,2 3 1 2 1 4 1 3 1 2 3 4,27,2.250000,4,0.333333,-7.980450,209
210,105,12,2 1 1 1 3 4 1 3 1 2 3 4,26,2.166667,5,0.416667,-6.980450,269
211,211,12,1 3 1 1 3 4 1 3 1 2 3 4,27,2.250000,5,0.416667,-7.980450,317
212,53,2,5 4,9,4.500000,0,0.000000,-5.830075,53
213,213,2,7 4,11,5.500000,0,0.000000,-7.830075,213
214,107,36,1 2 2 1 2 1 1 2 1 1 1 2 3 1 1 2 1 2 1 1 1 1 1 3 1 1 1 4 2 2 4 3 1 1 5 4,64,1.777778,20,0.555556,-6.941350,3077
215,215,36,1 1 4 1 2 1 1 2 1 1 1 2 3 1 1 2 1 2 1 1 1 1 1 3 1 1 1 4 2 2 4 3 1 1 5 4,65,1.805556,21,0.583333,-7.941350,3077
216,27,41,1 2 1 1 1 1 2 2 1 2 1 1 2 1 1 1 2 3 1 1 2 1 2 1 1 1 1 1 3 1 1 1 4 2 2 4 3 1 1 5 4,70,1.707317,24,0.585366,-5.016537,3077
217,217,7,2 1 5 1 1 5 4,19,2.714286,3,0.428571,-7.905262,245
218,109,41,3 2 1 1 1 1 2 2 1 2 1 1 2 1 1 1 2 3 1 1 2 1 2 1 1 1 1 1 3 1 1 1 4 2 2 4 3 1 1 5 4,72,1.756098,23,0.560976,-7.016537,3077
219,219,17,1 2 1 1 3 2 3 1 2 1 4 1 3 1 2 3 4,35,2.058824,7,0.411765,-8.055637,557
220,55,41,1 1 3 1 1 1 2 2 1 2 1 1 2 1 1 1 2 3 1 1 2 1 2 1 1 1 1 1 3 1 1 1 4 2 2 4 3 1 1 5 4,71,1.731707,24,0.585366,-6.016537,3077
221,221,41,3 1 3 1 1 1 2 2 1 2 1 1 2 1 1 1 2 3 1 1 2 1 2 1 1 1 1 1 3 1 1 1 4 2 2 4 3 1 1 5 4,73,1.780488,23,0.560976,-8.016537,3077
222,111,24,1 1 1 2 1 2 1 1 1 1 1 3 1 1 1 4 2 2 4 3 1 1 5 4,45,1.875000,14,0.583333,-6.960900,3077
223,223,24,1 1 1 1 3 2 1 1 1 1 1 3 1 1 1 4 2 2 4 3 1 1 5 4,46,1.916667,14,0.583333,-7.960900,3077
224,7,5,1 1 2 3 4,11,2.200000,2,0.400000,-3.075187,17
225,225,17,2 2 1 1 1 1 1 1 2 4 3 3 3 1 2 3 4,35,2.058824,7,0.411765,-8.055637,1457
226,113,2,2 8,10,5.000000,0,0.000000,-6.830075,113
227,227,2,1 10,11,5.500000,1,0.500000,-7.830075,341
228,57,10,2 1 2 2 4 1 1 2 3 4,22,2.200000,3,0.300000,-6.150375,65
229,229,10,4 1 2 2 4 1 1 2 3 4,24,2.400000,3,0.300000,-8.150375,229
230,115,10,1 3 2 2 4 1 1 2 3 4,23,2.300000,3,0.300000,-7.150375,173
231,231,46,1 1 2 1 1 2 6 1 1 1 1 2 2 1 2 1 1 2 1 1 1 2 3 1 1 2 1 2 1 1 1 1 1 3 1 1 1 4 2 2 4 3 1 1 5 4,81,1.760870,27,0.586957,-8.091725,3077
232,29,5,3 1 2 3 4,13,2.600000,1,0.200000,-5.075187,29
233,233,29,2 1 1 1 2 3 1 1 2 1 2 1 1 1 1 1 3 1 1 1 4 2 2 4 3 1 1 5 4,54,1.862069,16,0.551724,-8.036087,3077
234,117,5,5 1 2 3 4,15,3.000000,1,0.200000,-7.075187,117
235,235,46,1 2 2 1 1 2 2 3 1 1 1 1 4 1 2 1 1 2 1 1 1 2 3 1 1 2 1 2 1 1 1 1 1 3 1 1 1 4 2 2 4 3 1 1 5 4,81,1.760870,26,0.565217,-8.091725,3077
236,59,10,1 2 1 4 1 3 1 2 3 4,22,2.200000,4,0.400000,-6.150375,101
237,237,10,3 2 1 4 1 3 1 2 3 4,24,2.400000,3,0.300000,-8.150375,237
238,119,10,1 1 3 4 1 3 1 2 3 4,23,2.300000,4,0.400000,-7.150375,269
239,239,17,1 1 1 2 1 1 1 1 4 2 2 4 3 1 1 5 4,35,2.058824,9,0.529412,-8.055637,3077
240,15,5,1 1 1 5 4,12,2.400000,3,0.600000,-4.075187,53
241,241,5,2 5 2 3 4,16,3.200000,0,0.000000,-8.075187,241
242,121,34,2 1 2 1 1 2 1 1 1 2 3 1 1 2 1 2 1 1 1 1 1 3 1 1 1 4 2 2 4 3 1 1 5 4,61,1.794118,19,0.558824,-7.111275,3077
243,243,34,1 3 2 1 1 2 1 1 1 2 3 1 1 2 1 2 1 1 1 1 1 3 1 1 1 4 2 2 4 3 1 1 5 4,62,1.823529,19,0.558824,-8.111275,3077
244,61,5,3 1 1 5 4,14,2.800000,2,0.400000,-6.075187,61
245,245,5,5 1 1 5 4,16,3.200000,2,0.400000,-8.075187,245
246,123,15,1 2 1 2 3 1 2 1 4 1 3 1 2 3 4,31,2.066667,6,0.400000,-7.225562,209
247,247,15,1 1 3 2 3 1 2 1 4 1 3 1 2 3 4,32,2.133333,6,0.400000,-8.225562,557
248,31,39,1 1 1 1 2 2 1 2 1 1 2 1 1 1 2 3 1 1 2 1 2 1 1 1 1 1 3 1 1 1 4 2 2 4 3 1 1 5 4,67,1.717949,23,0.589744,-5.186462,3077
249,249,15,2 1 2 1 3 1 1 3 4 1 3 1 2 3 4,32,2.133333,6,0.400000,-8.225562,317
250,125,39,3 1 1 1 2 2 1 2 1 1 2 1 1 1 2 3 1 1 2 1 2 1 1 1 1 1 3 1 1 1 4 2 2 4 3 1 1 5 4,69,1.769231,22,0.564103,-7.186462,3077
251,251,22,1 2 1 2 1 1 1 1 1 3 1 1 1 4 2 2 4 3 1 1 5 4,43,1.954545,12,0.545455,-8.130825,3077
252,63,39,1 1 1 1 1 4 1 2 1 1 2 1 1 1 2 3 1 1 2 1 2 1 1 1 1 1 3 1 1 1 4 2 2 4 3 1 1 5 4,68,1.743590,24,0.615385,-6.186462,3077
253,253,39,3 1 1 1 1 4 1 2 1 1 2 1 1 1 2 3 1 1 2 1 2 1 1 1 1 1 3 1 1 1 4 2 2 4 3 1 1 5 4,70,1.794872,23,0.589744,-8.186462,3077
254,127,15,1 1 1 1 1 1 2 4 3 3 3 1 2 3 4,31,2.066667,7,0.466667,-7.225562,1457
255,255,15,1 1 1 1 1 1 1 6 3 3 3 1 2 3 4,32,2.133333,8,0.533333,-8.225562,4373
256,1,0,,0,0.000000,0,0.000000,0.000000,1
257,257,44,2 2 2 3 2 1 1 1 1 2 2 1 2 1 1 2 1 1 1 2 3 1 1 2 1 2 1 1 1 1 1 3 1 1 1 4 2 2 4 3 1 1 5 4,78,1.772727,23,0.522727,-8.261650,3077
258,129,44,2 2 2 1 1 3 1 1 1 2 2 1 2 1 1 2 1 1 1 2 3 1 1 2 1 2 1 1 1 1 1 3 1 1 1 4 2 2 4 3 1 1 5 4,77,1.750000,24,0.545455,-7.261650,3077
259,259,44,1 4 2 1 1 3 1 1 1 2 2 1 2 1 1 2 1 1 1 2 3 1 1 2 1 2 1 1 1 1 1 3 1 1 1 4 2 2 4 3 1 1 5 4,78,1.772727,25,0.568182,-8.261650,3077
260,65,8,2 2 4 1 1 2 3 4,19,2.375000,2,0.250000,-6.320300,65
261,261,8,4 2 4 1 1 2 3 4,21,2.625000,2,0.250000,-8.320300,261
262,131,8,1 4 4 1 1 2 3 4,20,2.500000,3,0.375000,-7.320300,197
263,263,27,1 1 2 3 1 1 2 1 2 1 1 1 1 1 3 1 1 1 4 2 2 4 3 1 1 5 4,51,1.888889,15,0.555556,-8.206012,3077
264,33,8,2 2 1 3 1 2 3 4,18,2.250000,2,0.250000,-5.320300,33
265,265,44,2 1 1 2 2 3 1 1 1 1 4 1 2 1 1 2 1 1 1 2 3 1 1 2 1 2 1 1 1 1 1 3 1 1 1 4 2 2 4 3 1 1 5 4,78,1.772727,25,0.568182,-8.261650,3077
266,133,8,4 2 1 3 1 2 3 4,20,2.500000,2,0.250000,-7.320300,133
267,267,5,1 2 3 2 8,16,3.200000,1,0.200000,-8.075187,401
268,67,8,1 4 1 3 1 2 3 4,19,2.375000,3,0.375000,-6.320300,101
269,269,8,3 4 1 3 1 2 3 4,21,2.625000,2,0.250000,-8.320300,269
270,135,13,1 1 2 4 1 2 2 4 1 1 2 3 4,28,2.153846,5,0.384615,-7.395487,305
271,271,13,1 1 1 6 1 2 2 4 1 1 2 3 4,29,2.230769,6,0.461538,-8.395487,917
272,17,3,2 3 4,9,3.000000,0,0.000000,-4.245112,17
273,273,8,2 3 3 3 1 2 3 4,21,2.625000,1,0.125000,-8.320300,273
274,137,32,2 1 1 2 1 1 1 2 3 1 1 2 1 2 1 1 1 1 1 3 1 1 1 4 2 2 4 3 1 1 5 4,58,1.812500,18,0.562500,-7.281200,3077
275,275,32,1 3 1 2 1 1 1 2 3 1 1 2 1 2 1 1 1 1 1 3 1 1 1 4 2 2 4 3 1 1 5 4,59,1.843750,18,0.562500,-8.281200,3077
276,69,3,4 3 4,11,3.666667,0,0.000000,-6.245112,69
277,277,3,6 3 4,13,4.333333,0,0.000000,-8.245112,277
278,139,13,1 2 3 1 2 1 4 1 3 1 2 3 4,28,2.153846,5,0.384615,-7.395487,209
279,279,13,1 1 5 1 2 1 4 1 3 1 2 3 4,29,2.230769,6,0.461538,-8.395487,629
280,35,3,1 5 4,10,3.333333,1,0.333333,-5.245112,53
281,281,13,2 1 3 1 1 3 4 1 3 1 2 3 4,29,2.230769,5,0.384615,-8.395487,317
282,141,3,3 5 4,12,4.000000,0,0.000000,-7.245112,141
283,283,20,1 2 1 1 1 1 1 3 1 1 1 4 2 2 4 3 1 1 5 4,40,2.000000,11,0.550000,-8.300750,3077
284,71,37,1 1 2 2 1 2 1 1 2 1 1 1 2 3 1 1 2 1 2 1 1 1 1 1 3 1 1 1 4 2 2 4 3 1 1 5 4,65,1.756757,21,0.567568,-6.356387,3077
285,285,37,3 1 2 2 1 2 1 1 2 1 1 1 2 3 1 1 2 1 2 1 1 1 1 1 3 1 1 1 4 2 2 4 3 1 1 5 4,67,1.810811,20,0.540541,-8.356387,3077
286,143,37,1 1 1 4 1 2 1 1 2 1 1 1 2 3 1 1 2 1 2 1 1 1 1 1 3 1 1 1 4 2 2 4 3 1 1 5 4,66,1.783784,22,0.594595,-7.356387,3077
287,287,13,1 1 1 1 2 4 3 3 3 1 2 3 4,29,2.230769,5,0.384615,-8.395487,1457
288,9,6,2 1 1 2 3 4,13,2.166667,2,0.333333,-3.490225,17
289,289,8,2 2 1 5 1 1 5 4,21,2.625000,3,0.375000,-8.320300,289
290,145,42,2 3 2 1 1 1 1 2 2 1 2 1 1 2 1 1 1 2 3 1 1 2 1 2 1 1 1 1 1 3 1 1 1 4 2 2 4 3 1 1 5 4,74,1.761905,23,0.547619,-7.431575,3077
291,291,42,1 5 2 1 1 1 1 2 2 1 2 1 1 2 1 1 1 2 3 1 1 2 1 2 1 1 1 1 1 3 1 1 1 4 2 2 4 3 1 1 5 4,75,1.785714,24,0.571429,-8.431575,3077
292,73,42,2 1 1 3 1 1 1 2 2 1 2 1 1 2 1 1 1 2 3 1 1 2 1 2 1 1 1 1 1 3 1 1 1 4 2 2 4 3 1 1 5 4,73,1.738095,24,0.571429,-6.431575,3077
293,293,42,4 1 1 3 1 1 1 2 2 1 2 1 1 2 1 1 1 2 3 1 1 2 1 2 1 1 1 1 1 3 1 1 1 4 2 2 4 3 1 1 5 4,75,1.785714,24,0.571429,-8.431575,3077
294,147,42,1 3 1 3 1 1 1 2 2 1 2 1 1 2 1 1 1 2 3 1 1 2 1 2 1 1 1 1 1 3 1 1 1 4 2 2 4 3 1 1 5 4,74,1.761905,24,0.571429,-7.431575,3077
295,295,18,1 1 2 1 3 2 1 3 1 1 3 4 1 3 1 2 3 4,37,2.055556,8,0.444444,-8.470675,749
296,37,6,4 1 1 2 3 4,15,2.500000,2,0.333333,-5.490225,37
297,297,25,2 1 1 1 1 3 2 1 1 1 1 1 3 1 1 1 4 2 2 4 3 1 1 5 4,48,1.920000,14,0.560000,-8.375937,3077
298,149,6,6 1 1 2 3 4,17,2.833333,2,0.333333,-7.490225,149
299,299,42,1 2 2 3 1 1 1 1 4 1 2 1 1 2 1 1 1 2 3 1 1 2 1 2 1 1 1 1 1 3 1 1 1 4 2 2 4 3 1 1 5 4,75,1.785714,24,0.571429,-8.431575,3077
300,75,3,1 2 8,11,3.666667,1,0.333333,-6.245112,113
301,301,3,3 2 8,13,4.333333,0,0.000000,-8.245112,301
302,151,3,1 1 10,12,4.000000,2,0.666667,-7.245112,341
303,303,13,1 1 1 2 2 2 2 4 3 1 1 5 4,29,2.230769,5,0.384615,-8.395487,1025
304,19,6,1 3 1 2 3 4,14,2.333333,2,0.333333,-4.490225,29
305,305,11,2 4 1 2 2 4 1 1 2 3 4,26,2.363636,3,0.272727,-8.565412,305
306,153,11,2 1 3 2 2 4 1 1 2 3 4,25,2.272727,3,0.272727,-7.565412,173
307,307,11,1 3 3 2 2 4 1 1 2 3 4,26,2.363636,3,0.272727,-8.565412,461
308,77,6,3 3 1 2 3 4,16,2.666667,1,0.166667,-6.490225,77
309,309,6,5 3 1 2 3 4,18,3.000000,1,0.166667,-8.490225,309
310,155,30,1 2 1 1 1 2 3 1 1 2 1 2 1 1 1 1 1 3 1 1 1 4 2 2 4 3 1 1 5 4,55,1.833333,17,0.566667,-7.451125,3077
311,311,30,1 1 3 1 1 2 3 1 1 2 1 2 1 1 1 1 1 3 1 1 1 4 2 2 4 3 1 1 5 4,56,1.866667,17,0.566667,-8.451125,3077
312,39,11,1 1 2 1 4 1 3 1 2 3 4,23,2.090909,5,0.454545,-5.565412,101
313,313,47,2 1 2 2 1 1 2 2 3 1 1 1 1 4 1 2 1 1 2 1 1 1 2 3 1 1 2 1 2 1 1 1 1 1 3 1 1 1 4 2 2 4 3 1 1 5 4,83,1.765957,26,0.553191,-8.506762,3077
314,157,11,3 1 2 1 4 1 3 1 2 3 4,25,2.272727,4,0.363636,-7.565412,157
315,315,11,1 2 1 6 2 1 3 1 2 3 4,26,2.363636,4,0.363636,-8.565412,533
316,79,11,1 1 1 3 4 1 3 1 2 3 4,24,2.181818,5,0.454545,-6.565412,269
317,317,11,3 1 1 3 4 1 3 1 2 3 4,26,2.363636,4,0.363636,-8.565412,317
318,159,18,1 1 1 1 2 1 1 1 1 4 2 2 4 3 1 1 5 4,36,2.000000,10,0.555556,-7.470675,3077
319,319,18,1 1 1 1 1 3 1 1 1 4 2 2 4 3 1 1 5 4,37,2.055556,10,0.555556,-8.470675,3077
320,5,1,4,4,4.000000,0,0.000000,-2.415037,5
321,321,6,2 2 5 2 3 4,18,3.000000,0,0.000000,-8.490225,321
322,161,35,2 2 1 2 1 1 2 1 1 1 2 3 1 1 2 1 2 1 1 1 1 1 3 1 1 1 4 2 2 4 3 1 1 5 4,63,1.800000,19,0.542857,-7.526312,3077
323,323,35,1 4 1 2 1 1 2 1 1 1 2 3 1 1 2 1 2 1 1 1 1 1 3 1 1 1 4 2 2 4 3 1 1 5 4,64,1.828571,20,0.571429,-8.526312,3077
324,81,6,2 3 1 1 5 4,16,2.666667,2,0.333333,-6.490225,81
325,325,6,4 3 1 1 5 4,18,3.000000,2,0.333333,-8.490225,325
326,163,6,1 5 1 1 5 4,17,2.833333,3,0.500000,-7.490225,245
327,327,52,1 1 2 2 1 1 1 1 2 1 2 2 5 3 1 1 1 2 2 1 2 1 1 2 1 1 1 2 3 1 1 2 1 2 1 1 1 1 1 3 1 1 1 4 2 2 4 3 1 1 5 4,91,1.750000,29,0.557692,-8.581950,3077
328,41,40,2 1 1 1 1 2 2 1 2 1 1 2 1 1 1 2 3 1 1 2 1 2 1 1 1 1 1 3 1 1 1 4 2 2 4 3 1 1 5 4,69,1.725000,23,0.575000,-5.601500,3077
329,329,16,2 1 1 3 2 3 1 2 1 4 1 3 1 2 3 4,34,2.125000,6,0.375000,-8.640600,557
330,165,40,4 1 1 1 1 2 2 1 2 1 1 2 1 1 1 2 3 1 1 2 1 2 1 1 1 1 1 3 1 1 1 4 2 2 4 3 1 1 5 4,71,1.775000,23,0.575000,-7.601500,3077
331,331,6,1 2 5 1 5 4,18,3.000000,2,0.333333,-8.490225,497
332,83,40,1 3 1 1 1 2 2 1 2 1 1 2 1 1 1 2 3 1 1 2 1 2 1 1 1 1 1 3 1 1 1 4 2 2 4 3 1 1 5 4,70,1.750000,23,0.575000,-6.601500,3077
333,333,40,3 3 1 1 1 2 2 1 2 1 1 2 1 1 1 2 3 1 1 2 1 2 1 1 1 1 1 3 1 1 1 4 2 2 4 3 1 1 5 4,72,1.800000,22,0.550000,-8.601500,3077
334,167,23,1 1 2 1 2 1 1 1 1 1 3 1 1 1 4 2 2 4 3 1 1 5 4,44,1.913043,13,0.565217,-7.545862,3077
335,335,23,1 1 1 3 2 1 1 1 1 1 3 1 1 1 4 2 2 4 3 1 1 5 4,45,1.956522,13,0.565217,-8.545862,3077
336,21,1,6,6,6.000000,0,0.000000,-4.415037,21
337,337,40,2 3 1 1 1 1 4 1 2 1 1 2 1 1 1 2 3 1 1 2 1 2 1 1 1 1 1 3 1 1 1 4 2 2 4 3 1 1 5 4,72,1.800000,23,0.575000,-8.601500,3077
338,169,16,2 1 1 1 1 1 1 2 4 3 3 3 1 2 3 4,33,2.062500,7,0.437500,-7.640600,1457
339,339,16,1 3 1 1 1 1 1 2 4 3 3 3 1 2 3 4,34,2.125000,7,0.437500,-8.640600,1457
340,85,1,8,8,8.000000,0,0.000000,-6.415037,85
341,341,1,10,10,10.000000,0,0.000000,-8.415037,341
342,171,45,1 2 2 2 3 2 1 1 1 1 2 2 1 2 1 1 2 1 1 1 2 3 1 1 2 1 2 1 1 1 1 1 3 1 1 1 4 2 2 4 3 1 1 5 4,79,1.755556,24,0.533333,-7.676687,3077
343,343,45,1 1 4 2 3 2 1 1 1 1 2 2 1 2 1 1 2 1 1 1 2 3 1 1 2 1 2 1 1 1 1 1 3 1 1 1 4 2 2 4 3 1 1 5 4,80,1.777778,25,0.555556,-8.676687,3077
344,43,9,1 2 2 4 1 1 2 3 4,20,2.222222,3,0.333333,-5.735337,65
345,345,45,2 1 4 2 1 1 3 1 1 1 2 2 1 2 1 1 2 1 1 1 2 3 1 1 2 1 2 1 1 1 1 1 3 1 1 1 4 2 2 4 3 1 1 5 4,80,1.777778,25,0.555556,-8.676687,3077
346,173,9,3 2 2 4 1 1 2 3 4,22,2.444444,2,0.222222,-7.735337,173
347,347,45,1 2 1 1 2 6 1 1 1 1 2 2 1 2 1 1 2 1 1 1 2 3 1 1 2 1 2 1 1 1 1 1 3 1 1 1 4 2 2 4 3 1 1 5 4,80,1.777778,26,0.577778,-8.676687,3077
348,87,9,1 1 4 4 1 1 2 3 4,21,2.333333,4,0.444444,-6.735337,197
349,349,9,3 1 4 4 1 1 2 3 4,23,2.555556,3,0.333333,-8.735337,349
350,175,28,1 1 1 2 3 1 1 2 1 2 1 1 1 1 1 3 1 1 1 4 2 2 4 3 1 1 5 4,52,1.857143,16,0.571429,-7.621050,3077
351,351,28,1 1 1 1 5 1 1 2 1 2 1 1 1 1 1 3 1 1 1 4 2 2 4 3 1 1 5 4,53,1.892857,17,0.607143,-8.621050,3077
352,11,4,1 2 3 4,10,2.500000,1,0.250000,-3.660150,17
353,353,45,2 2 1 1 2 2 3 1 1 1 1 4 1 2 1 1 2 1 1 1 2 3 1 1 2 1 2 1 1 1 1 1 3 1 1 1 4 2 2 4 3 1 1 5 4,80,1.777778,25,0.555556,-8.676687,3077
354,177,9,2 4 2 1 3 1 2 3 4,22,2.444444,2,0.222222,-7.735337,177
355,355,9,1 6 2 1 3 1 2 3 4,23,2.555556,3,0.333333,-8.735337,533
356,89,9,2 1 4 1 3 1 2 3 4,21,2.333333,3,0.333333,-6.735337,101
357,357,9,4 1 4 1 3 1 2 3 4,23,2.555556,3,0.333333,-8.735337,357
358,179,9,1 3 4 1 3 1 2 3 4,22,2.444444,3,0.333333,-7.735337,269
359,359,16,1 1 2 1 1 1 1 4 2 2 4 3 1 1 5 4,34,2.125000,8,0.500000,-8.640600,3077
360,45,4,3 2 3 4,12,3.000000,0,0.000000,-5.660150,45
361,361,14,2 1 1 1 6 1 2 2 4 1 1 2 3 4,31,2.214286,6,0.428571,-8.810525,917
362,181,4,5 2 3 4,14,3.500000,0,0.000000,-7.660150,181
363,363,14,1 2 2 1 3 3 2 2 4 1 1 2 3 4,31,2.214286,4,0.285714,-8.810525,545
364,91,33,1 2 1 1 2 1 1 1 2 3 1 1 2 1 2 1 1 1 1 1 3 1 1 1 4 2 2 4 3 1 1 5 4,59,1.787879,19,0.575758,-6.696237,3077
365,365,33,3 2 1 1 2 1 1 1 2 3 1 1 2 1 2 1 1 1 1 1 3 1 1 1 4 2 2 4 3 1 1 5 4,61,1.848485,18,0.545455,-8.696237,3077
366,183,33,1 1 3 1 2 1 1 1 2 3 1 1 2 1 2 1 1 1 1 1 3 1 1 1 4 2 2 4 3 1 1 5 4,60,1.818182,19,0.575758,-7.696237,3077
367,367,14,1 1 1 2 1 5 1 4 4 1 1 2 3 4,31,2.214286,7,0.500000,-8.810525,1397
368,23,4,1 1 5 4,11,2.750000,2,0.500000,-4.660150,53
369,369,4,2 6 3 4,15,3.750000,0,0.000000,-8.660150,369
370,185,14,2 1 2 3 1 2 1 4 1 3 1 2 3 4,30,2.142857,5,0.357143,-7.810525,209
371,371,14,1 3 2 3 1 2 1 4 1 3 1 2 3 4,31,2.214286,5,0.357143,-8.810525,557
372,93,4,3 1 5 4,13,3.250000,1,0.250000,-6.660150,93
373,373,4,5 1 5 4,15,3.750000,1,0.250000,-8.660150,373
374,187,14,1 2 1 3 1 1 3 4 1 3 1 2 3 4,30,2.142857,6,0.428571,-7.810525,317
375,375,14,1 1 3 3 1 1 3 4 1 3 1 2 3 4,31,2.214286,6,0.428571,-8.810525,845
376,47,38,1 1 1 2 2 1 2 1 1 2 1 1 1 2 3 1 1 2 1 2 1 1 1 1 1 3 1 1 1 4 2 2 4 3 1 1 5 4,66,1.736842,22,0.578947,-5.771425,3077
377,377,21,2 1 2 1 1 1 1 1 3 1 1 1 4 2 2 4 3 1 1 5 4,42,2.000000,11,0.523810,-8.715787,3077
378,189,38,3 1 1 2 2 1 2 1 1 2 1 1 1 2 3 1 1 2 1 2 1 1 1 1 1 3 1 1 1 4 2 2 4 3 1 1 5 4,68,1.789474,21,0.552632,-7.771425,3077
379,379,19,1 2 1 2 2 2 1 1 1 6 1 2 2 4 1 1 2 3 4,39,2.052632,8,0.421053,-8.885712,917
380,95,38,1 1 1 1 4 1 2 1 1 2 1 1 1 2 3 1 1 2 1 2 1 1 1 1 1 3 1 1 1 4 2 2 4 3 1 1 5 4,67,1.763158,23,0.605263,-6.771425,3077
381,381,38,3 1 1 1 4 1 2 1 1 2 1 1 1 2 3 1 1 2 1 2 1 1 1 1 1 3 1 1 1 4 2 2 4 3 1 1 5 4,69,1.815789,22,0.578947,-8.771425,3077
382,191,14,1 1 1 1 1 2 4 3 3 3 1 2 3 4,30,2.142857,6,0.428571,-7.810525,1457
383,383,14,1 1 1 1 1 1 6 3 3 3 1 2 3 4,31,2.214286,7,0.500000,-8.810525,4373
384,3,2,1 4,5,2.500000,1,0.500000,-1.830075,5
385,385,9,2 2 2 1 5 1 1 5 4,23,2.555556,3,0.333333,-8.735337,385
386,193,43,2 2 3 2 1 1 1 1 2 2 1 2 1 1 2 1 1 1 2 3 1 1 2 1 2 1 1 1 1 1 3 1 1 1 4 2 2 4 3 1 1 5 4,76,1.767442,23,0.534884,-7.846612,3077
387,387,43,1 4 3 2 1 1 1 1 2 2 1 2 1 1 2 1 1 1 2 3 1 1 2 1 2 1 1 1 1 1 3 1 1 1 4 2 2 4 3 1 1 5 4,77,1.790698,24,0.558140,-8.846612,3077
388,97,43,2 2 1 1 3 1 1 1 2 2 1 2 1 1 2 1 1 1 2 3 1 1 2 1 2 1 1 1 1 1 3 1 1 1 4 2 2 4 3 1 1 5 4,75,1.744186,24,0.558140,-6.846612,3077
389,389,43,4 2 1 1 3 1 1 1 2 2 1 2 1 1 2 1 1 1 2 3 1 1 2 1 2 1 1 1 1 1 3 1 1 1 4 2 2 4 3 1 1 5 4,77,1.790698,24,0.558140,-8.846612,3077
390,195,43,1 4 1 1 3 1 1 1 2 2 1 2 1 1 2 1 1 1 2 3 1 1 2 1 2 1 1 1 1 1 3 1 1 1 4 2 2 4 3 1 1 5 4,76,1.767442,25,0.581395,-7.846612,3077
391,391,43,1 1 2 6 1 1 1 1 2 2 1 2 1 1 2 1 1 1 2 3 1 1 2 1 2 1 1 1 1 1 3 1 1 1 4 2 2 4 3 1 1 5 4,77,1.790698,25,0.581395,-8.846612,3077
392,49,7,2 4 1 1 2 3 4,17,2.428571,2,0.285714,-5.905262,49
393,393,19,2 1 1 2 1 3 2 1 3 1 1 3 4 1 3 1 2 3 4,39,2.052632,8,0.421053,-8.885712,749
394,197,7,4 4 1 1 2 3 4,19,2.714286,2,0.285714,-7.905262,197
395,395,26,1 2 3 1 1 2 1 2 1 1 1 1 1 3 1 1 1 4 2 2 4 3 1 1 5 4,50,1.923077,14,0.538462,-8.790975,3077
396,99,7,1 6 1 1 2 3 4,18,2.571429,3,0.428571,-6.905262,149
397,397,7,3 6 1 1 2 3 4,20,2.857143,2,0.285714,-8.905262,397
398,199,43,1 1 2 2 3 1 1 1 1 4 1 2 1 1 2 1 1 1 2 3 1 1 2 1 2 1 1 1 1 1 3 1 1 1 4 2 2 4 3 1 1 5 4,76,1.767442,25,0.581395,-7.846612,3077
399,399,43,1 1 1 4 3 1 1 1 1 4 1 2 1 1 2 1 1 1 2 3 1 1 2 1 2 1 1 1 1 1 3 1 1 1 4 2 2 4 3 1 1 5 4,77,1.790698,26,0.604651,-8.846612,3077
400,25,7,2 1 3 1 2 3 4,16,2.285714,2,0.285714,-4.905262,29
401,401,4,2 3 2 8,15,3.750000,0,0.000000,-8.660150,401
402,201,4,2 1 1 10,14,3.500000,2,0.500000,-7.660150,341
403,403,4,1 3 1 10,15,3.750000,2,0.500000,-8.660150,605
404,101,7,4 1 3 1 2 3 4,18,2.571429,2,0.285714,-6.905262,101
405,405,7,6 1 3 1 2 3 4,20,2.857143,2,0.285714,-8.905262,405
406,203,12,1 2 4 1 2 2 4 1 1 2 3 4,27,2.250000,4,0.333333,-7.980450,305
407,407,12,1 1 6 1 2 2 4 1 1 2 3 4,28,2.333333,5,0.416667,-8.980450,917
408,51,7,1 3 3 1 2 3 4,17,2.428571,2,0.285714,-5.905262,77
409,409,12,2 1 3 3 2 2 4 1 1 2 3 4,28,2.333333,3,0.250000,-8.980450,461
410,205,7,3 3 3 1 2 3 4,19,2.714286,1,0.142857,-7.905262,205
411,411,48,1 2 1 1 1 3 1 2 6 1 1 1 1 2 2 1 2 1 1 2 1 1 1 2 3 1 1 2 1 2 1 1 1 1 1 3 1 1 1 4 2 2 4 3 1 1 5 4,85,1.770833,28,0.583333,-8.921800,3077
412,103,31,1 1 2 1 1 1 2 3 1 1 2 1 2 1 1 1 1 1 3 1 1 1 4 2 2 4 3 1 1 5 4,56,1.806452,18,0.580645,-6.866162,3077
413,413,31,3 1 2 1 1 1 2 3 1 1 2 1 2 1 1 1 1 1 3 1 1 1 4 2 2 4 3 1 1 5 4,58,1.870968,17,0.548387,-8.866162,3077
414,207,31,1 1 1 3 1 1 2 3 1 1 2 1 2 1 1 1 1 1 3 1 1 1 4 2 2 4 3 1 1 5 4,57,1.838710,18,0.580645,-7.866162,3077
415,415,48,1 1 1 1 2 1 2 2 5 3 1 1 1 2 2 1 2 1 1 2 1 1 1 2 3 1 1 2 1 2 1 1 1 1 1 3 1 1 1 4 2 2 4 3 1 1 5 4,85,1.770833,27,0.562500,-8.921800,3077
416,13,2,3 4,7,3.500000,0,0.000000,-3.830075,13
417,417,48,2 2 1 2 2 1 1 2 2 3 1 1 1 1 4 1 2 1 1 2 1 1 1 2 3 1 1 2 1 2 1 1 1 1 1 3 1 1 1 4 2 2 4 3 1 1 5 4,85,1.770833,26,0.541667,-8.921800,3077
418,209,12,2 3 1 2 1 4 1 3 1 2 3 4,27,2.250000,4,0.333333,-7.980450,209
419,419,12,1 5 1 2 1 4 1 3 1 2 3 4,28,2.333333,5,0.416667,-8.980450,629
420,105,12,2 1 1 1 3 4 1 3 1 2 3 4,26,2.166667,5,0.416667,-6.980450,269
421,421,12,4 1 1 1 3 4 1 3 1 2 3 4,28,2.333333,5,0.416667,-8.980450,421
422,211,12,1 3 1 1 3 4 1 3 1 2 3 4,27,2.250000,5,0.416667,-7.980450,317
423,423,9,1 1 2 1 2 4 1 1 10,23,2.555556,5,0.555556,-8.735337,1073
424,53,2,5 4,9,4.500000,0,0.000000,-5.830075,53
425,425,19,2 1 1 1 1 1 3 1 1 1 4 2 2 4 3 1 1 5 4,39,2.052632,10,0.526316,-8.885712,3077
426,213,2,7 4,11,5.500000,0,0.000000,-7.830075,213
427,427,17,1 2 2 2 1 1 1 6 1 2 2 4 1 1 2 3 4,36,2.117647,7,0.411765,-9.055637,917
428,107,36,1 2 2 1 2 1 1 2 1 1 1 2 3 1 1 2 1 2 1 1 1 1 1 3 1 1 1 4 2 2 4 3 1 1 5 4,64,1.777778,20,0.555556,-6.941350,3077
429,429,36,3 2 2 1 2 1 1 2 1 1 1 2 3 1 1 2 1 2 1 1 1 1 1 3 1 1 1 4 2 2 4 3 1 1 5 4,66,1.833333,19,0.527778,-8.941350,3077
430,215,36,1 1 4 1 2 1 1 2 1 1 1 2 3 1 1 2 1 2 1 1 1 1 1 3 1 1 1 4 2 2 4 3 1 1 5 4,65,1.805556,21,0.583333,-7.941350,3077
431,431,12,1 1 1 2 4 3 3 3 1 2 3 4,28,2.333333,4,0.333333,-8.980450,1457
432,27,41,1 2 1 1 1 1 2 2 1 2 1 1 2 1 1 1 2 3 1 1 2 1 2 1 1 1 1 1 3 1 1 1 4 2 2 4 3 1 1 5 4,70,1.707317,24,0.585366,-5.016537,3077
433,433,7,2 4 3 1 1 5 4,20,2.857143,2,0.285714,-8.905262,433
434,217,7,2 1 5 1 1 5 4,19,2.714286,3,0.428571,-7.905262,245
435,435,7,1 3 5 1 1 5 4,20,2.857143,3,0.428571,-8.905262,653
436,109,41,3 2 1 1 1 1 2 2 1 2 1 1 2 1 1 1 2 3 1 1 2 1 2 1 1 1 1 1 3 1 1 1 4 2 2 4 3 1 1 5 4,72,1.756098,23,0.560976,-7.016537,3077
437,437,41,5 2 1 1 1 1 2 2 1 2 1 1 2 1 1 1 2 3 1 1 2 1 2 1 1 1 1 1 3 1 1 1 4 2 2 4 3 1 1 5 4,74,1.804878,23,0.560976,-9.016537,3077
438,219,17,1 2 1 1 3 2 3 1 2 1 4 1 3 1 2 3 4,35,2.058824,7,0.411765,-8.055637,557
439,439,17,1 1 3 1 3 2 3 1 2 1 4 1 3 1 2 3 4,36,2.117647,7,0.411765,-9.055637,989
440,55,41,1 1 3 1 1 1 2 2 1 2 1 1 2 1 1 1 2 3 1 1 2 1 2 1 1 1 1 1 3 1 1 1 4 2 2 4 3 1 1 5 4,71,1.731707,24,0.585366,-6.016537,3077
441,441,7,2 1 2 5 1 5 4,20,2.857143,2,0.285714,-8.905262,497
442,221,41,3 1 3 1 1 1 2 2 1 2 1 1 2 1 1 1 2 3 1 1 2 1 2 1 1 1 1 1 3 1 1 1 4 2 2 4 3 1 1 5 4,73,1.780488,23,0.560976,-8.016537,3077
443,443,17,1 2 1 3 2 1 3 1 1 3 4 1 3 1 2 3 4,36,2.117647,7,0.411765,-9.055637,749
444,111,24,1 1 1 2 1 2 1 1 1 1 1 3 1 1 1 4 2 2 4 3 1 1 5 4,45,1.875000,14,0.583333,-6.960900,3077
445,445,24,3 1 1 2 1 2 1 1 1 1 1 3 1 1 1 4 2 2 4 3 1 1 5 4,47,1.958333,13,0.541667,-8.960900,3077
446,223,24,1 1 1 1 3 2 1 1 1 1 1 3 1 1 1 4 2 2 4 3 1 1 5 4,46,1.916667,14,0.583333,-7.960900,3077
447,447,34,1 1 1 1 1 2 1 1 3 2 1 1 1 3 3 1 1 1 1 1 1 1 2 2 7 3 2 2 4 1 1 2 3 4,63,1.852941,19,0.558824,-9.111275,13121
448,7,5,1 1 2 3 4,11,2.200000,2,0.400000,-3.075187,17
449,449,41,2 2 3 1 1 1 1 4 1 2 1 1 2 1 1 1 2 3 1 1 2 1 2 1 1 1 1 1 3 1 1 1 4 2 2 4 3 1 1 5 4,74,1.804878,23,0.560976,-9.016537,3077
450,225,17,2 2 1 1 1 1 1 1 2 4 3 3 3 1 2 3 4,35,2.058824,7,0.411765,-8.055637,1457
451,451,17,1 4 1 1 1 1 1 1 2 4 3 3 3 1 2 3 4,36,2.117647,8,0.470588,-9.055637,1457
452,113,2,2 8,10,5.000000,0,0.000000,-6.830075,113
453,453,2,4 8,12,6.000000,0,0.000000,-8.830075,453
454,227,2,1 10,11,5.500000,1,0.500000,-7.830075,341
455,455,12,1 1 2 2 2 2 4 3 1 1 5 4,28,2.333333,4,0.333333,-8.980450,1025
456,57,10,2 1 2 2 4 1 1 2 3 4,22,2.200000,3,0.300000,-6.150375,65
457,457,46,2 1 1 4 2 3 2 1 1 1 1 2 2 1 2 1 1 2 1 1 1 2 3 1 1 2 1 2 1 1 1 1 1 3 1 1 1 4 2 2 4 3 1 1 5 4,82,1.782609,25,0.543478,-9.091725,3077
458,229,10,4 1 2 2 4 1 1 2 3 4,24,2.400000,3,0.300000,-8.150375,229
459,459,46,1 2 4 2 2 1 1 3 1 1 1 2 2 1 2 1 1 2 1 1 1 2 3 1 1 2 1 2 1 1 1 1 1 3 1 1 1 4 2 2 4 3 1 1 5 4,82,1.782609,25,0.543478,-9.091725,3077
460,115,10,1 3 2 2 4 1 1 2 3 4,23,2.300000,3,0.300000,-7.150375,173
461,461,10,3 3 2 2 4 1 1 2 3 4,25,2.500000,2,0.200000,-9.150375,461
462,231,46,1 1 2 1 1 2 6 1 1 1 1 2 2 1 2 1 1 2 1 1 1 2 3 1 1 2 1 2 1 1 1 1 1 3 1 1 1 4 2 2 4 3 1 1 5 4,81,1.760870,27,0.586957,-8.091725,3077
463,463,46,1 1 1 3 1 2 6 1 1 1 1 2 2 1 2 1 1 2 1 1 1 2 3 1 1 2 1 2 1 1 1 1 1 3 1 1 1 4 2 2 4 3 1 1 5 4,82,1.782609,27,0.586957,-9.091725,3077
464,29,5,3 1 2 3 4,13,2.600000,1,0.200000,-5.075187,29
465,465,10,2 3 1 4 4 1 1 2 3 4,25,2.500000,3,0.300000,-9.150375,465
466,233,29,2 1 1 1 2 3 1 1 2 1 2 1 1 1 1 1 3 1 1 1 4 2 2 4 3 1 1 5 4,54,1.862069,16,0.551724,-8.036087,3077
467,467,29,1 3 1 1 2 3 1 1 2 1 2 1 1 1 1 1 3 1 1 1 4 2 2 4 3 1 1 5 4,55,1.896552,16,0.551724,-9.036087,3077
468,117,5,5 1 2 3 4,15,3.000000,1,0.200000,-7.075187,117
469,469,5,7 1 2 3 4,17,3.400000,1,0.200000,-9.075187,469
470,235,46,1 2 2 1 1 2 2 3 1 1 1 1 4 1 2 1 1 2 1 1 1 2 3 1 1 2 1 2 1 1 1 1 1 3 1 1 1 4 2 2 4 3 1 1 5 4,81,1.760870,26,0.565217,-8.091725,3077
471,471,46,1 1 4 1 1 2 2 3 1 1 1 1 4 1 2 1 1 2 1 1 1 2 3 1 1 2 1 2 1 1 1 1 1 3 1 1 1 4 2 2 4 3 1 1 5 4,82,1.782609,27,0.586957,-9.091725,3077
472,59,10,1 2 1 4 1 3 1 2 3 4,22,2.200000,4,0.400000,-6.150375,101
473,473,10,2 1 6 2 1 3 1 2 3 4,25,2.500000,3,0.300000,-9.150375,533
474,237,10,3 2 1 4 1 3 1 2 3 4,24,2.400000,3,0.300000,-8.150375,237
475,475,7,1 2 1 1 5 2 8,20,2.857143,3,0.428571,-8.905262,1205
476,119,10,1 1 3 4 1 3 1 2 3 4,23,2.300000,4,0.400000,-7.150375,269
477,477,10,3 1 3 4 1 3 1 2 3 4,25,2.500000,3,0.300000,-9.150375,477
478,239,17,1 1 1 2 1 1 1 1 4 2 2 4 3 1 1 5 4,35,2.058824,9,0.529412,-8.055637,3077
479,479,17,1 1 1 1 3 1 1 1 4 2 2 4 3 1 1 5 4,36,2.117647,9,0.529412,-9.055637,3077
480,15,5,1 1 1 5 4,12,2.400000,3,0.600000,-4.075187,53
481,481,15,2 2 1 1 1 6 1 2 2 4 1 1 2 3 4,33,2.200000,6,0.400000,-9.225562,917
482,241,5,2 5 2 3 4,16,3.200000,0,0.000000,-8.075187,241
483,483,5,1 7 2 3 4,17,3.400000,1,0.200000,-9.075187,725
484,121,34,2 1 2 1 1 2 1 1 1 2 3 1 1 2 1 2 1 1 1 1 1 3 1 1 1 4 2 2 4 3 1 1 5 4,61,1.794118,19,0.558824,-7.111275,3077
485,485,34,4 1 2 1 1 2 1 1 1 2 3 1 1 2 1 2 1 1 1 1 1 3 1 1 1 4 2 2 4 3 1 1 5 4,63,1.852941,19,0.558824,-9.111275,3077
486,243,34,1 3 2 1 1 2 1 1 1 2 3 1 1 2 1 2 1 1 1 1 1 3 1 1 1 4 2 2 4 3 1 1 5 4,62,1.823529,19,0.558824,-8.111275,3077
487,487,51,1 1 2 1 1 3 1 1 3 1 2 6 1 1 1 1 2 2 1 2 1 1 2 1 1 1 2 3 1 1 2 1 2 1 1 1 1 1 3 1 1 1 4 2 2 4 3 1 1 5 4,90,1.764706,30,0.588235,-9.166912,3077
488,61,5,3 1 1 5 4,14,2.800000,2,0.400000,-6.075187,61
489,489,15,2 1 1 1 2 1 5 1 4 4 1 1 2 3 4,33,2.200000,7,0.466667,-9.225562,1397
490,245,5,5 1 1 5 4,16,3.200000,2,0.400000,-8.075187,245
491,491,51,1 2 2 1 1 1 1 2 1 2 2 5 3 1 1 1 2 2 1 2 1 1 2 1 1 1 2 3 1 1 2 1 2 1 1 1 1 1 3 1 1 1 4 2 2 4 3 1 1 5 4,90,1.764706,28,0.549020,-9.166912,3077
492,123,15,1 2 1 2 3 1 2 1 4 1 3 1 2 3 4,31,2.066667,6,0.400000,-7.225562,209
493,493,15,3 2 1 2 3 1 2 1 4 1 3 1 2 3 4,33,2.200000,5,0.333333,-9.225562,493
494,247,15,1 1 3 2 3 1 2 1 4 1 3 1 2 3 4,32,2.133333,6,0.400000,-8.225562,557
495,495,34,1 1 1 2 1 1 2 1 1 2 2 1 2 1 2 4 3 1 1 1 2 1 1 1 1 4 2 2 4 3 1 1 5 4,63,1.852941,18,0.529412,-9.111275,4769
496,31,39,1 1 1 1 2 2 1 2 1 1 2 1 1 1 2 3 1 1 2 1 2 1 1 1 1 1 3 1 1 1 4 2 2 4 3 1 1 5 4,67,1.717949,23,0.589744,-5.186462,3077
497,497,5,2 5 1 5 4,17,3.400000,1,0.200000,-9.075187,497
498,249,15,2 1 2 1 3 1 1 3 4 1 3 1 2 3 4,32,2.133333,6,0.400000,-8.225562,317
499,499,15,1 3 2 1 3 1 1 3 4 1 3 1 2 3 4,33,2.200000,6,0.400000,-9.225562,749
500,125,39,3 1 1 1 2 2 1 2 1 1 2 1 1 1 2 3 1 1 2 1 2 1 1 1 1 1 3 1 1 1 4 2 2 4 3 1 1 5 4,69,1.769231,22,0.564103,-7.186462,3077
501,501,39,5 1 1 1 2 2 1 2 1 1 2 1 1 1 2 3 1 1 2 1 2 1 1 1 1 1 3 1 1 1 4 2 2 4 3 1 1 5 4,71,1.820513,22,0.564103,-9.186462,3077
502,251,22,1 2 1 2 1 1 1 1 1 3 1 1 1 4 2 2 4 3 1 1 5 4,43,1.954545,12,0.545455,-8.130825,3077
503,503,22,1 1 3 2 1 1 1 1 1 3 1 1 1 4 2 2 4 3 1 1 5 4,44,2.000000,12,0.545455,-9.130825,3077
504,63,39,1 1 1 1 1 4 1 2 1 1 2 1 1 1 2 3 1 1 2 1 2 1 1 1 1 1 3 1 1 1 4 2 2 4 3 1 1 5 4,68,1.743590,24,0.615385,-6.186462,3077
505,505,20,2 1 2 1 2 2 2 1 1 1 6 1 2 2 4 1 1 2 3 4,41,2.050000,8,0.400000,-9.300750,917
506,253,39,3 1 1 1 1 4 1 2 1 1 2 1 1 1 2 3 1 1 2 1 2 1 1 1 1 1 3 1 1 1 4 2 2 4 3 1 1 5 4,70,1.794872,23,0.589744,-8.186462,3077
507,507,10,1 2 1 2 1 4 5 2 3 4,25,2.500000,3,0.300000,-9.150375,965
508,127,15,1 1 1 1 1 1 2 4 3 3 3 1 2 3 4,31,2.066667,7,0.466667,-7.225562,1457
509,509,15,3 1 1 1 1 1 2 4 3 3 3 1 2 3 4,33,2.200000,6,0.400000,-9.225562,1457
510,255,15,1 1 1 1 1 1 1 6 3 3 3 1 2 3 4,32,2.133333,8,0.533333,-8.225562,4373
511,511,20,1 1 1 1 1 1 1 1 2 2 7 3 2 2 4 1 1 2 3 4,41,2.050000,10,0.500000,-9.300750,13121
512,1,0,,0,0.000000,0,0.000000,0.000000,1
513,513,10,2 2 2 2 1 5 1 1 5 4,25,2.500000,3,0.300000,-9.150375,513
514,257,44,2 2 2 3 2 1 1 1 1 2 2 1 2 1 1 2 1 1 1 2 3 1 1 2 1 2 1 1 1 1 1 3 1 1 1 4 2 2 4 3 1 1 5 4,78,1.772727,23,0.522727,-8.261650,3077
515,515,44,1 4 2 3 2 1 1 1 1 2 2 1 2 1 1 2 1 1 1 2 3 1 1 2 1 2 1 1 1 1 1 3 1 1 1 4 2 2 4 3 1 1 5 4,79,1.795455,24,0.545455,-9.261650,3077
516,129,44,2 2 2 1 1 3 1 1 1 2 2 1 2 1 1 2 1 1 1 2 3 1 1 2 1 2 1 1 1 1 1 3 1 1 1 4 2 2 4 3 1 1 5 4,77,1.750000,24,0.545455,-7.261650,3077
517,517,44,4 2 2 1 1 3 1 1 1 2 2 1 2 1 1 2 1 1 1 2 3 1 1 2 1 2 1 1 1 1 1 3 1 1 1 4 2 2 4 3 1 1 5 4,79,1.795455,24,0.545455,-9.261650,3077
518,259,44,1 4 2 1 1 3 1 1 1 2 2 1 2 1 1 2 1 1 1 2 3 1 1 2 1 2 1 1 1 1 1 3 1 1 1 4 2 2 4 3 1 1 5 4,78,1.772727,25,0.568182,-8.261650,3077
519,519,20,1 1 2 3 2 1 1 3 2 3 1 2 1 4 1 3 1 2 3 4,41,2.050000,8,0.400000,-9.300750,1169
520,65,8,2 2 4 1 1 2 3 4,19,2.375000,2,0.250000,-6.320300,65
521,521,44,2 1 1 2 6 1 1 1 1 2 2 1 2 1 1 2 1 1 1 2 3 1 1 2 1 2 1 1 1 1 1 3 1 1 1 4 2 2 4 3 1 1 5 4,79,1.795455,25,0.568182,-9.261650,3077
522,261,8,4 2 4 1 1 2 3 4,21,2.625000,2,0.250000,-8.320300,261
523,523,44,1 2 3 3 1 3 1 1 1 2 2 1 2 1 1 2 1 1 1 2 3 1 1 2 1 2 1 1 1 1 1 3 1 1 1 4 2 2 4 3 1 1 5 4,79,1.795455,24,0.545455,-9.261650,3077
524,131,8,1 4 4 1 1 2 3 4,20,2.500000,3,0.375000,-7.320300,197
525,525,8,3 4 4 1 1 2 3 4,22,2.750000,2,0.250000,-9.320300,525
526,263,27,1 1 2 3 1 1 2 1 2 1 1 1 1 1 3 1 1 1 4 2 2 4 3 1 1 5 4,51,1.888889,15,0.555556,-8.206012,3077
527,527,27,1 1 1 5 1 1 2 1 2 1 1 1 1 1 3 1 1 1 4 2 2 4 3 1 1 5 4,52,1.925926,16,0.592593,-9.206012,3077
528,33,8,2 2 1 3 1 2 3 4,18,2.250000,2,0.250000,-5.320300,33
529,529,8,2 3 6 1 1 2 3 4,22,2.750000,2,0.250000,-9.320300,529
530,265,44,2 1 1 2 2 3 1 1 1 1 4 1 2 1 1 2 1 1 1 2 3 1 1 2 1 2 1 1 1 1 1 3 1 1 1 4 2 2 4 3 1 1 5 4,78,1.772727,25,0.568182,-8.261650,3077
531,531,44,1 3 1 2 2 3 1 1 1 1 4 1 2 1 1 2 1 1 1 2 3 1 1 2 1 2 1 1 1 1 1 3 1 1 1 4 2 2 4 3 1 1 5 4,79,1.795455,25,0.568182,-9.261650,3077
532,133,8,4 2 1 3 1 2 3 4,20,2.500000,2,0.250000,-7.320300,133
533,533,8,6 2 1 3 1 2 3 4,22,2.750000,2,0.250000,-9.320300,533
534,267,5,1 2 3 2 8,16,3.200000,1,0.200000,-8.075187,401
535,535,5,1 1 5 2 8,17,3.400000,2,0.400000,-9.075187,1205
536,67,8,1 4 1 3 1 2 3 4,19,2.375000,3,0.375000,-6.320300,101
537,537,5,2 1 3 1 10,17,3.400000,2,0.400000,-9.075187,605
538,269,8,3 4 1 3 1 2 3 4,21,2.625000,2,0.250000,-8.320300,269
539,539,15,1 2 1 1 1 1 4 2 2 4 3 1 1 5 4,33,2.200000,7,0.466667,-9.225562,3077
540,135,13,1 1 2 4 1 2 2 4 1 1 2 3 4,28,2.153846,5,0.384615,-7.395487,305
541,541,13,3 1 2 4 1 2 2 4 1 1 2 3 4,30,2.307692,4,0.307692,-9.395487,541
542,271,13,1 1 1 6 1 2 2 4 1 1 2 3 4,29,2.230769,6,0.461538,-8.395487,917
543,543,49,1 1 1 1 2 2 3 4 3 2 1 1 1 1 2 2 1 2 1 1 2 1 1 1 2 3 1 1 2 1 2 1 1 1 1 1 3 1 1 1 4 2 2 4 3 1 1 5 4,87,1.775510,27,0.551020,-9.336837,3077
544,17,3,2 3 4,9,3.000000,0,0.000000,-4.245112,17
545,545,13,2 2 1 3 3 2 2 4 1 1 2 3 4,30,2.307692,3,0.230769,-9.395487,545
546,273,8,2 3 3 3 1 2 3 4,21,2.625000,1,0.125000,-8.320300,273
547,547,8,1 5 3 3 1 2 3 4,22,2.750000,2,0.250000,-9.320300,821
548,137,32,2 1 1 2 1 1 1 2 3 1 1 2 1 2 1 1 1 1 1 3 1 1 1 4 2 2 4 3 1 1 5 4,58,1.812500,18,0.562500,-7.281200,3077
549,549,32,4 1 1 2 1 1 1 2 3 1 1 2 1 2 1 1 1 1 1 3 1 1 1 4 2 2 4 3 1 1 5 4,60,1.875000,18,0.562500,-9.281200,3077
550,275,32,1 3 1 2 1 1 1 2 3 1 1 2 1 2 1 1 1 1 1 3 1 1 1 4 2 2 4 3 1 1 5 4,59,1.843750,18,0.562500,-8.281200,3077
551,551,13,1 1 2 1 5 1 4 4 1 1 2 3 4,30,2.307692,6,0.461538,-9.395487,1397
552,69,3,4 3 4,11,3.666667,0,0.000000,-6.245112,69
553,553,49,2 1 1 1 1 2 1 2 2 5 3 1 1 1 2 2 1 2 1 1 2 1 1 1 2 3 1 1 2 1 2 1 1 1 1 1 3 1 1 1 4 2 2 4 3 1 1 5 4,87,1.775510,27,0.551020,-9.336837,3077
554,277,3,6 3 4,13,4.333333,0,0.000000,-8.245112,277
555,555,8,1 2 2 7 1 2 3 4,22,2.750000,2,0.250000,-9.320300,833
556,139,13,1 2 3 1 2 1 4 1 3 1 2 3 4,28,2.153846,5,0.384615,-7.395487,209
557,557,13,3 2 3 1 2 1 4 1 3 1 2 3 4,30,2.307692,4,0.307692,-9.395487,557
558,279,13,1 1 5 1 2 1 4 1 3 1 2 3 4,29,2.230769,6,0.461538,-8.395487,629
559,559,30,1 1 1 2 2 1 1 2 1 4 2 1 2 1 2 2 2 1 1 1 6 1 2 2 4 1 1 2 3 4,57,1.900000,14,0.466667,-9.451125,2693
560,35,3,1 5 4,10,3.333333,1,0.333333,-5.245112,53
561,561,13,2 4 1 1 1 3 4 1 3 1 2 3 4,30,2.307692,5,0.384615,-9.395487,561
562,281,13,2 1 3 1 1 3 4 1 3 1 2 3 4,29,2.230769,5,0.384615,-8.395487,317
563,563,13,1 3 3 1 1 3 4 1 3 1 2 3 4,30,2.307692,5,0.384615,-9.395487,845
564,141,3,3 5 4,12,4.000000,0,0.000000,-7.245112,141
565,565,3,5 5 4,14,4.666667,0,0.000000,-9.245112,565
566,283,20,1 2 1 1 1 1 1 3 1 1 1 4 2 2 4 3 1 1 5 4,40,2.000000,11,0.550000,-8.300750,3077
567,567,20,1 1 3 1 1 1 1 3 1 1 1 4 2 2 4 3 1 1 5 4,41,2.050000,11,0.550000,-9.300750,3077
568,71,37,1 1 2 2 1 2 1 1 2 1 1 1 2 3 1 1 2 1 2 1 1 1 1 1 3 1 1 1 4 2 2 4 3 1 1 5 4,65,1.756757,21,0.567568,-6.356387,3077
569,569,18,2 1 2 2 2 1 1 1 6 1 2 2 4 1 1 2 3 4,38,2.111111,7,0.388889,-9.470675,917
570,285,37,3 1 2 2 1 2 1 1 2 1 1 1 2 3 1 1 2 1 2 1 1 1 1 1 3 1 1 1 4 2 2 4 3 1 1 5 4,67,1.810811,20,0.540541,-8.356387,3077
571,571,8,1 2 1 4 5 2 3 4,22,2.750000,2,0.250000,-9.320300,965
572,143,37,1 1 1 4 1 2 1 1 2 1 1 1 2 3 1 1 2 1 2 1 1 1 1 1 3 1 1 1 4 2 2 4 3 1 1 5 4,66,1.783784,22,0.594595,-7.356387,3077
573,573,37,3 1 1 4 1 2 1 1 2 1 1 1 2 3 1 1 2 1 2 1 1 1 1 1 3 1 1 1 4 2 2 4 3 1 1 5 4,68,1.837838,21,0.567568,-9.356387,3077
574,287,13,1 1 1 1 2 4 3 3 3 1 2 3 4,29,2.230769,5,0.384615,-8.395487,1457
575,575,13,1 1 1 1 1 6 3 3 3 1 2 3 4,30,2.307692,6,0.461538,-9.395487,4373
576,9,6,2 1 1 2 3 4,13,2.166667,2,0.333333,-3.490225,17
577,577,8,2 2 4 3 1 1 5 4,22,2.750000,2,0.250000,-9.320300,577
578,289,8,2 2 1 5 1 1 5 4,21,2.625000,3,0.375000,-8.320300,289
579,579,8,1 4 1 5 1 1 5 4,22,2.750000,4,0.500000,-9.320300,869
580,145,42,2 3 2 1 1 1 1 2 2 1 2 1 1 2 1 1 1 2 3 1 1 2 1 2 1 1 1 1 1 3 1 1 1 4 2 2 4 3 1 1 5 4,74,1.761905,23,0.547619,-7.431575,3077
581,581,42,4 3 2 1 1 1 1 2 2 1 2 1 1 2 1 1 1 2 3 1 1 2 1 2 1 1 1 1 1 3 1 1 1 4 2 2 4 3 1 1 5 4,76,1.809524,23,0.547619,-9.431575,3077
582,291,42,1 5 2 1 1 1 1 2 2 1 2 1 1 2 1 1 1 2 3 1 1 2 1 2 1 1 1 1 1 3 1 1 1 4 2 2 4 3 1 1 5 4,75,1.785714,24,0.571429,-8.431575,3077
583,583,8,1 1 2 2 1 8 3 4,22,2.750000,3,0.375000,-9.320300,1313
584,73,42,2 1 1 3 1 1 1 2 2 1 2 1 1 2 1 1 1 2 3 1 1 2 1 2 1 1 1 1 1 3 1 1 1 4 2 2 4 3 1 1 5 4,73,1.738095,24,0.571429,-6.431575,3077
585,585,18,2 1 1 3 1 3 2 3 1 2 1 4 1 3 1 2 3 4,38,2.111111,7,0.388889,-9.470675,989
586,293,42,4 1 1 3 1 1 1 2 2 1 2 1 1 2 1 1 1 2 3 1 1 2 1 2 1 1 1 1 1 3 1 1 1 4 2 2 4 3 1 1 5 4,75,1.785714,24,0.571429,-8.431575,3077
587,587,42,1 2 6 1 1 1 1 2 2 1 2 1 1 2 1 1 1 2 3 1 1 2 1 2 1 1 1 1 1 3 1 1 1 4 2 2 4 3 1 1 5 4,76,1.809524,24,0.571429,-9.431575,3077
588,147,42,1 3 1 3 1 1 1 2 2 1 2 1 1 2 1 1 1 2 3 1 1 2 1 2 1 1 1 1 1 3 1 1 1 4 2 2 4 3 1 1 5 4,74,1.761905,24,0.571429,-7.431575,3077
589,589,42,3 3 1 3 1 1 1 2 2 1 2 1 1 2 1 1 1 2 3 1 1 2 1 2 1 1 1 1 1 3 1 1 1 4 2 2 4 3 1 1 5 4,76,1.809524,23,0.547619,-9.431575,3077
590,295,18,1 1 2 1 3 2 1 3 1 1 3 4 1 3 1 2 3 4,37,2.055556,8,0.444444,-8.470675,749
591,591,18,1 1 1 3 3 2 1 3 1 1 3 4 1 3 1 2 3 4,38,2.111111,8,0.444444,-9.470675,1997
592,37,6,4 1 1 2 3 4,15,2.500000,2,0.333333,-5.490225,37
593,593,25,2 3 1 1 2 1 2 1 1 1 1 1 3 1 1 1 4 2 2 4 3 1 1 5 4,49,1.960000,13,0.520000,-9.375937,3077
594,297,25,2 1 1 1 1 3 2 1 1 1 1 1 3 1 1 1 4 2 2 4 3 1 1 5 4,48,1.920000,14,0.560000,-8.375937,3077
595,595,25,1 3 1 1 1 3 2 1 1 1 1 1 3 1 1 1 4 2 2 4 3 1 1 5 4,49,1.960000,14,0.560000,-9.375937,3077
596,149,6,6 1 1 2 3 4,17,2.833333,2,0.333333,-7.490225,149
597,597,6,8 1 1 2 3 4,19,3.166667,2,0.333333,-9.490225,597
598,299,42,1 2 2 3 1 1 1 1 4 1 2 1 1 2 1 1 1 2 3 1 1 2 1 2 1 1 1 1 1 3 1 1 1 4 2 2 4 3 1 1 5 4,75,1.785714,24,0.571429,-8.431575,3077
599,599,42,1 1 4 3 1 1 1 1 4 1 2 1 1 2 1 1 1 2 3 1 1 2 1 2 1 1 1 1 1 3 1 1 1 4 2 2 4 3 1 1 5 4,76,1.809524,25,0.595238,-9.431575,3077
600,75,3,1 2 8,11,3.666667,1,0.333333,-6.245112,113
601,601,18,2 1 4 1 1 1 1 1 1 2 4 3 3 3 1 2 3 4,38,2.111111,8,0.444444,-9.470675,1457
602,301,3,3 2 8,13,4.333333,0,0.000000,-8.245112,301
603,603,23,1 2 1 1 2 1 2 1 2 3 2 2 1 3 3 2 2 4 1 1 2 3 4,46,2.000000,8,0.347826,-9.545862,1937
604,151,3,1 1 10,12,4.000000,2,0.666667,-7.245112,341
605,605,3,3 1 10,14,4.666667,1,0.333333,-9.245112,605
606,303,13,1 1 1 2 2 2 2 4 3 1 1 5 4,29,2.230769,5,0.384615,-8.395487,1025
607,607,13,1 1 1 1 4 2 2 4 3 1 1 5 4,30,2.307692,6,0.461538,-9.395487,3077
608,19,6,1 3 1 2 3 4,14,2.333333,2,0.333333,-4.490225,29
609,609,47,2 2 1 1 4 2 3 2 1 1 1 1 2 2 1 2 1 1 2 1 1 1 2 3 1 1 2 1 2 1 1 1 1 1 3 1 1 1 4 2 2 4 3 1 1 5 4,84,1.787234,25,0.531915,-9.506762,3077
610,305,11,2 4 1 2 2 4 1 1 2 3 4,26,2.363636,3,0.272727,-8.565412,305
611,611,11,1 6 1 2 2 4 1 1 2 3 4,27,2.454545,4,0.363636,-9.565412,917
612,153,11,2 1 3 2 2 4 1 1 2 3 4,25,2.272727,3,0.272727,-7.565412,173
613,613,11,4 1 3 2 2 4 1 1 2 3 4,27,2.454545,3,0.272727,-9.565412,613
614,307,11,1 3 3 2 2 4 1 1 2 3 4,26,2.363636,3,0.272727,-8.565412,461
615,615,23,1 1 2 1 1 1 5 2 1 1 3 2 3 1 2 1 4 1 3 1 2 3 4,46,2.000000,11,0.478261,-9.545862,3509
616,77,6,3 3 1 2 3 4,16,2.666667,1,0.166667,-6.490225,77
617,617,47,2 1 1 1 3 1 2 6 1 1 1 1 2 2 1 2 1 1 2 1 1 1 2 3 1 1 2 1 2 1 1 1 1 1 3 1 1 1 4 2 2 4 3 1 1 5 4,84,1.787234,27,0.574468,-9.506762,3077
618,309,6,5 3 1 2 3 4,18,3.000000,1,0.166667,-8.490225,309
619,619,47,1 2 2 1 2 3 3 1 3 1 1 1 2 2 1 2 1 1 2 1 1 1 2 3 1 1 2 1 2 1 1 1 1 1 3 1 1 1 4 2 2 4 3 1 1 5 4,84,1.787234,25,0.531915,-9.506762,3077
620,155,30,1 2 1 1 1 2 3 1 1 2 1 2 1 1 1 1 1 3 1 1 1 4 2 2 4 3 1 1 5 4,55,1.833333,17,0.566667,-7.451125,3077
621,621,30,3 2 1 1 1 2 3 1 1 2 1 2 1 1 1 1 1 3 1 1 1 4 2 2 4 3 1 1 5 4,57,1.900000,16,0.533333,-9.451125,3077
622,311,30,1 1 3 1 1 2 3 1 1 2 1 2 1 1 1 1 1 3 1 1 1 4 2 2 4 3 1 1 5 4,56,1.866667,17,0.566667,-8.451125,3077
623,623,47,1 1 1 2 1 2 2 5 3 1 1 1 2 2 1 2 1 1 2 1 1 1 2 3 1 1 2 1 2 1 1 1 1 1 3 1 1 1 4 2 2 4 3 1 1 5 4,84,1.787234,26,0.553191,-9.506762,3077
624,39,11,1 1 2 1 4 1 3 1 2 3 4,23,2.090909,5,0.454545,-5.565412,101
625,625,6,2 7 1 2 3 4,19,3.166667,1,0.166667,-9.490225,625
626,313,47,2 1 2 2 1 1 2 2 3 1 1 1 1 4 1 2 1 1 2 1 1 1 2 3 1 1 2 1 2 1 1 1 1 1 3 1 1 1 4 2 2 4 3 1 1 5 4,83,1.765957,26,0.553191,-8.506762,3077
627,627,47,1 3 2 2 1 1 2 2 3 1 1 1 1 4 1 2 1 1 2 1 1 1 2 3 1 1 2 1 2 1 1 1 1 1 3 1 1 1 4 2 2 4 3 1 1 5 4,84,1.787234,26,0.553191,-9.506762,3077
628,157,11,3 1 2 1 4 1 3 1 2 3 4,25,2.272727,4,0.363636,-7.565412,157
629,629,11,5 1 2 1 4 1 3 1 2 3 4,27,2.454545,4,0.363636,-9.565412,629
630,315,11,1 2 1 6 2 1 3 1 2 3 4,26,2.363636,4,0.363636,-8.565412,533
631,631,11,1 1 3 6 2 1 3 1 2 3 4,27,2.454545,4,0.363636,-9.565412,1421
632,79,11,1 1 1 3 4 1 3 1 2 3 4,24,2.181818,5,0.454545,-6.565412,269
633,633,8,2 1 2 1 1 5 2 8,22,2.750000,3,0.375000,-9.320300,1205
634,317,11,3 1 1 3 4 1 3 1 2 3 4,26,2.363636,4,0.363636,-8.565412,317
635,635,8,1 2 1 2 4 1 1 10,22,2.750000,4,0.500000,-9.320300,1073
636,159,18,1 1 1 1 2 1 1 1 1 4 2 2 4 3 1 1 5 4,36,2.000000,10,0.555556,-7.470675,3077
637,637,18,3 1 1 1 2 1 1 1 1 4 2 2 4 3 1 1 5 4,38,2.111111,9,0.500000,-9.470675,3077
638,319,18,1 1 1 1 1 3 1 1 1 4 2 2 4 3 1 1 5 4,37,2.055556,10,0.555556,-8.470675,3077
639,639,47,1 1 1 1 1 1 2 1 2 1 1 2 3 5 3 2 1 1 2 1 1 1 2 3 1 1 2 1 2 1 1 1 1 1 3 1 1 1 4 2 2 4 3 1 1 5 4,84,1.787234,27,0.574468,-9.506762,13841
640,5,1,4,4,4.000000,0,0.000000,-2.415037,5
641,641,16,2 2 2 1 1 1 6 1 2 2 4 1 1 2 3 4,35,2.187500,6,0.375000,-9.640600,917
642,321,6,2 2 5 2 3 4,18,3.000000,0,0.000000,-8.490225,321
643,643,6,1 4 5 2 3 4,19,3.166667,1,0.166667,-9.490225,965
644,161,35,2 2 1 2 1 1 2 1 1 1 2 3 1 1 2 1 2 1 1 1 1 1 3 1 1 1 4 2 2 4 3 1 1 5 4,63,1.800000,19,0.542857,-7.526312,3077
645,645,35,4 2 1 2 1 1 2 1 1 1 2 3 1 1 2 1 2 1 1 1 1 1 3 1 1 1 4 2 2 4 3 1 1 5 4,65,1.857143,19,0.542857,-9.526312,3077
646,323,35,1 4 1 2 1 1 2 1 1 1 2 3 1 1 2 1 2 1 1 1 1 1 3 1 1 1 4 2 2 4 3 1 1 5 4,64,1.828571,20,0.571429,-8.526312,3077
647,647,11,1 1 2 4 3 3 3 1 2 3 4,27,2.454545,3,0.272727,-9.565412,1457
648,81,6,2 3 1 1 5 4,16,2.666667,2,0.333333,-6.490225,81
649,649,52,2 1 1 2 1 1 3 1 1 3 1 2 6 1 1 1 1 2 2 1 2 1 1 2 1 1 1 2 3 1 1 2 1 2 1 1 1 1 1 3 1 1 1 4 2 2 4 3 1 1 5 4,92,1.769231,30,0.576923,-9.581950,3077
650,325,6,4 3 1 1 5 4,18,3.000000,2,0.333333,-8.490225,325
651,651,35,1 2 3 1 3 1 2 1 1 1 2 3 1 1 2 1 2 1 1 1 1 1 3 1 1 1 4 2 2 4 3 1 1 5 4,65,1.857143,19,0.542857,-9.526312,3077
652,163,6,1 5 1 1 5 4,17,2.833333,3,0.500000,-7.490225,245
653,653,6,3 5 1 1 5 4,19,3.166667,2,0.333333,-9.490225,653
654,327,52,1 1 2 2 1 1 1 1 2 1 2 2 5 3 1 1 1 2 2 1 2 1 1 2 1 1 1 2 3 1 1 2 1 2 1 1 1 1 1 3 1 1 1 4 2 2 4 3 1 1 5 4,91,1.750000,29,0.557692,-8.581950,3077
655,655,52,1 1 1 4 1 1 1 1 2 1 2 2 5 3 1 1 1 2 2 1 2 1 1 2 1 1 1 2 3 1 1 2 1 2 1 1 1 1 1 3 1 1 1 4 2 2 4 3 1 1 5 4,92,1.769231,30,0.576923,-9.581950,3077
656,41,40,2 1 1 1 1 2 2 1 2 1 1 2 1 1 1 2 3 1 1 2 1 2 1 1 1 1 1 3 1 1 1 4 2 2 4 3 1 1 5 4,69,1.725000,23,0.575000,-5.601500,3077
657,657,16,2 3 2 1 2 3 1 2 1 4 1 3 1 2 3 4,35,2.187500,5,0.312500,-9.640600,657
658,329,16,2 1 1 3 2 3 1 2 1 4 1 3 1 2 3 4,34,2.125000,6,0.375000,-8.640600,557
659,659,16,1 3 1 3 2 3 1 2 1 4 1 3 1 2 3 4,35,2.187500,6,0.375000,-9.640600,989
660,165,40,4 1 1 1 1 2 2 1 2 1 1 2 1 1 1 2 3 1 1 2 1 2 1 1 1 1 1 3 1 1 1 4 2 2 4 3 1 1 5 4,71,1.775000,23,0.575000,-7.601500,3077
661,661,40,6 1 1 1 1 2 2 1 2 1 1 2 1 1 1 2 3 1 1 2 1 2 1 1 1 1 1 3 1 1 1 4 2 2 4 3 1 1 5 4,73,1.825000,23,0.575000,-9.601500,3077
662,331,6,1 2 5 1 5 4,18,3.000000,2,0.333333,-8.490225,497
663,663,6,1 1 7 1 5 4,19,3.166667,3,0.500000,-9.490225,1493
664,83,40,1 3 1 1 1 2 2 1 2 1 1 2 1 1 1 2 3 1 1 2 1 2 1 1 1 1 1 3 1 1 1 4 2 2 4 3 1 1 5 4,70,1.750000,23,0.575000,-6.601500,3077
665,665,16,2 1 3 2 1 3 1 1 3 4 1 3 1 2 3 4,35,2.187500,6,0.375000,-9.640600,749
666,333,40,3 3 1 1 1 2 2 1 2 1 1 2 1 1 1 2 3 1 1 2 1 2 1 1 1 1 1 3 1 1 1 4 2 2 4 3 1 1 5 4,72,1.800000,22,0.550000,-8.601500,3077
667,667,52,1 2 1 1 1 2 1 1 1 2 1 3 1 1 7 1 1 1 4 1 2 1 1 2 1 1 1 2 3 1 1 2 1 2 1 1 1 1 1 3 1 1 1 4 2 2 4 3 1 1 5 4,92,1.769231,32,0.615385,-9.581950,7229
668,167,23,1 1 2 1 2 1 1 1 1 1 3 1 1 1 4 2 2 4 3 1 1 5 4,44,1.913043,13,0.565217,-7.545862,3077
669,669,23,3 1 2 1 2 1 1 1 1 1 3 1 1 1 4 2 2 4 3 1 1 5 4,46,2.000000,12,0.521739,-9.545862,3077
670,335,23,1 1 1 3 2 1 1 1 1 1 3 1 1 1 4 2 2 4 3 1 1 5 4,45,1.956522,13,0.565217,-8.545862,3077
671,671,33,1 1 1 1 2 1 1 3 2 1 1 1 3 3 1 1 1 1 1 1 1 2 2 7 3 2 2 4 1 1 2 3 4,62,1.878788,18,0.545455,-9.696237,13121
672,21,1,6,6,6.000000,0,0.000000,-4.415037,21
673,673,21,2 2 1 2 1 2 2 2 1 1 1 6 1 2 2 4 1 1 2 3 4,43,2.047619,8,0.380952,-9.715787,917
674,337,40,2 3 1 1 1 1 4 1 2 1 1 2 1 1 1 2 3 1 1 2 1 2 1 1 1 1 1 3 1 1 1 4 2 2 4 3 1 1 5 4,72,1.800000,23,0.575000,-8.601500,3077
675,675,40,1 5 1 1 1 1 4 1 2 1 1 2 1 1 1 2 3 1 1 2 1 2 1 1 1 1 1 3 1 1 1 4 2 2 4 3 1 1 5 4,73,1.825000,24,0.600000,-9.601500,3077
676,169,16,2 1 1 1 1 1 1 2 4 3 3 3 1 2 3 4,33,2.062500,7,0.437500,-7.640600,1457
677,677,16,4 1 1 1 1 1 1 2 4 3 3 3 1 2 3 4,35,2.187500,7,0.437500,-9.640600,1457
678,339,16,1 3 1 1 1 1 1 2 4 3 3 3 1 2 3 4,34,2.125000,7,0.437500,-8.640600,1457
679,679,21,1 1 2 1 2 1 2 3 2 2 1 3 3 2 2 4 1 1 2 3 4,43,2.047619,7,0.333333,-9.715787,1937
680,85,1,8,8,8.000000,0,0.000000,-6.415037,85
681,681,21,2 1 1 1 1 1 1 1 1 2 2 7 3 2 2 4 1 1 2 3 4,43,2.047619,10,0.476190,-9.715787,13121
682,341,1,10,10,10.000000,0,0.000000,-8.415037,341
683,683,11,1 2 2 2 2 4 3 1 1 5 4,27,2.454545,3,0.272727,-9.565412,1025
684,171,45,1 2 2 2 3 2 1 1 1 1 2 2 1 2 1 1 2 1 1 1 2 3 1 1 2 1 2 1 1 1 1 1 3 1 1 1 4 2 2 4 3 1 1 5 4,79,1.755556,24,0.533333,-7.676687,3077
685,685,45,3 2 2 2 3 2 1 1 1 1 2 2 1 2 1 1 2 1 1 1 2 3 1 1 2 1 2 1 1 1 1 1 3 1 1 1 4 2 2 4 3 1 1 5 4,81,1.800000,23,0.511111,-9.676687,3077
686,343,45,1 1 4 2 3 2 1 1 1 1 2 2 1 2 1 1 2 1 1 1 2 3 1 1 2 1 2 1 1 1 1 1 3 1 1 1 4 2 2 4 3 1 1 5 4,80,1.777778,25,0.555556,-8.676687,3077
687,687,11,1 1 1 2 3 3 5 1 1 5 4,27,2.454545,5,0.454545,-9.565412,2321
688,43,9,1 2 2 4 1 1 2 3 4,20,2.222222,3,0.333333,-5.735337,65
689,689,45,2 4 2 2 1 1 3 1 1 1 2 2 1 2 1 1 2 1 1 1 2 3 1 1 2 1 2 1 1 1 1 1 3 1 1 1 4 2 2 4 3 1 1 5 4,81,1.800000,24,0.533333,-9.676687,3077
690,345,45,2 1 4 2 1 1 3 1 1 1 2 2 1 2 1 1 2 1 1 1 2 3 1 1 2 1 2 1 1 1 1 1 3 1 1 1 4 2 2 4 3 1 1 5 4,80,1.777778,25,0.555556,-8.676687,3077
691,691,45,1 3 4 2 1 1 3 1 1 1 2 2 1 2 1 1 2 1 1 1 2 3 1 1 2 1 2 1 1 1 1 1 3 1 1 1 4 2 2 4 3 1 1 5 4,81,1.800000,25,0.555556,-9.676687,3077
692,173,9,3 2 2 4 1 1 2 3 4,22,2.444444,2,0.222222,-7.735337,173
693,693,9,5 2 2 4 1 1 2 3 4,24,2.666667,2,0.222222,-9.735337,693
694,347,45,1 2 1 1 2 6 1 1 1 1 2 2 1 2 1 1 2 1 1 1 2 3 1 1 2 1 2 1 1 1 1 1 3 1 1 1 4 2 2 4 3 1 1 5 4,80,1.777778,26,0.577778,-8.676687,3077
695,695,45,1 1 3 1 2 6 1 1 1 1 2 2 1 2 1 1 2 1 1 1 2 3 1 1 2 1 2 1 1 1 1 1 3 1 1 1 4 2 2 4 3 1 1 5 4,81,1.800000,26,0.577778,-9.676687,3077
696,87,9,1 1 4 4 1 1 2 3 4,21,2.333333,4,0.444444,-6.735337,197
697,697,45,2 1 2 3 3 1 3 1 1 1 2 2 1 2 1 1 2 1 1 1 2 3 1 1 2 1 2 1 1 1 1 1 3 1 1 1 4 2 2 4 3 1 1 5 4,81,1.800000,24,0.533333,-9.676687,3077
698,349,9,3 1 4 4 1 1 2 3 4,23,2.555556,3,0.333333,-8.735337,349
699,699,21,1 2 1 3 1 2 1 3 2 1 3 1 1 3 4 1 3 1 2 3 4,43,2.047619,9,0.428571,-9.715787,1181
700,175,28,1 1 1 2 3 1 1 2 1 2 1 1 1 1 1 3 1 1 1 4 2 2 4 3 1 1 5 4,52,1.857143,16,0.571429,-7.621050,3077
701,701,28,3 1 1 2 3 1 1 2 1 2 1 1 1 1 1 3 1 1 1 4 2 2 4 3 1 1 5 4,54,1.928571,15,0.535714,-9.621050,3077
702,351,28,1 1 1 1 5 1 1 2 1 2 1 1 1 1 1 3 1 1 1 4 2 2 4 3 1 1 5 4,53,1.892857,17,0.607143,-8.621050,3077
703,703,62,1 1 1 1 1 2 2 1 1 1 1 1 2 1 2 2 1 1 3 4 1 1 1 2 1 1 1 1 2 1 1 2 1 1 3 2 3 1 1 2 1 1 1 5 1 1 1 1 4 2 6 3 1 2 1 4 1 3 1 2 3 4,108,1.741935,37,0.596774,-9.732325,83501
704,11,4,1 2 3 4,10,2.500000,1,0.250000,-3.660150,17
705,705,9,2 2 3 6 1 1 2 3 4,24,2.666667,2,0.222222,-9.735337,705
706,353,45,2 2 1 1 2 2 3 1 1 1 1 4 1 2 1 1 2 1 1 1 2 3 1 1 2 1 2 1 1 1 1 1 3 1 1 1 4 2 2 4 3 1 1 5 4,80,1.777778,25,0.555556,-8.676687,3077
707,707,45,1 4 1 1 2 2 3 1 1 1 1 4 1 2 1 1 2 1 1 1 2 3 1 1 2 1 2 1 1 1 1 1 3 1 1 1 4 2 2 4 3 1 1 5 4,81,1.800000,26,0.577778,-9.676687,3077
708,177,9,2 4 2 1 3 1 2 3 4,22,2.444444,2,0.222222,-7.735337,177
709,709,9,4 4 2 1 3 1 2 3 4,24,2.666667,2,0.222222,-9.735337,709
710,355,9,1 6 2 1 3 1 2 3 4,23,2.555556,3,0.333333,-8.735337,533
711,711,21,1 1 2 2 4 2 1 1 1 1 1 1 2 4 3 3 3 1 2 3 4,43,2.047619,9,0.428571,-9.715787,1601
712,89,9,2 1 4 1 3 1 2 3 4,21,2.333333,3,0.333333,-6.735337,101
713,713,6,2 1 1 5 2 8,19,3.166667,2,0.333333,-9.490225,1205
714,357,9,4 1 4 1 3 1 2 3 4,23,2.555556,3,0.333333,-8.735337,357
715,715,6,1 2 4 1 1 10,19,3.166667,3,0.500000,-9.490225,1073
716,179,9,1 3 4 1 3 1 2 3 4,22,2.444444,3,0.333333,-7.735337,269
717,717,9,3 3 4 1 3 1 2 3 4,24,2.666667,2,0.222222,-9.735337,717
718,359,16,1 1 2 1 1 1 1 4 2 2 4 3 1 1 5 4,34,2.125000,8,0.500000,-8.640600,3077
719,719,16,1 1 1 3 1 1 1 4 2 2 4 3 1 1 5 4,35,2.187500,8,0.500000,-9.640600,3077
720,45,4,3 2 3 4,12,3.000000,0,0.000000,-5.660150,45
721,721,14,2 3 1 2 4 1 2 2 4 1 1 2 3 4,32,2.285714,4,0.285714,-9.810525,721
722,361,14,2 1 1 1 6 1 2 2 4 1 1 2 3 4,31,2.214286,6,0.428571,-8.810525,917
723,723,14,1 3 1 1 6 1 2 2 4 1 1 2 3 4,32,2.285714,6,0.428571,-9.810525,1085
724,181,4,5 2 3 4,14,3.500000,0,0.000000,-7.660150,181
725,725,4,7 2 3 4,16,4.000000,0,0.000000,-9.660150,725
726,363,14,1 2 2 1 3 3 2 2 4 1 1 2 3 4,31,2.214286,4,0.285714,-8.810525,545
727,727,14,1 1 4 1 3 3 2 2 4 1 1 2 3 4,32,2.285714,5,0.357143,-9.810525,1637
728,91,33,1 2 1 1 2 1 1 1 2 3 1 1 2 1 2 1 1 1 1 1 3 1 1 1 4 2 2 4 3 1 1 5 4,59,1.787879,19,0.575758,-6.696237,3077
729,729,9,2 1 5 3 3 1 2 3 4,24,2.666667,2,0.222222,-9.735337,821
730,365,33,3 2 1 1 2 1 1 1 2 3 1 1 2 1 2 1 1 1 1 1 3 1 1 1 4 2 2 4 3 1 1 5 4,61,1.848485,18,0.545455,-8.696237,3077
731,731,50,1 2 1 1 3 1 1 3 1 2 6 1 1 1 1 2 2 1 2 1 1 2 1 1 1 2 3 1 1 2 1 2 1 1 1 1 1 3 1 1 1 4 2 2 4 3 1 1 5 4,89,1.780000,29,0.580000,-9.751875,3077
732,183,33,1 1 3 1 2 1 1 1 2 3 1 1 2 1 2 1 1 1 1 1 3 1 1 1 4 2 2 4 3 1 1 5 4,60,1.818182,19,0.575758,-7.696237,3077
733,733,33,3 1 3 1 2 1 1 1 2 3 1 1 2 1 2 1 1 1 1 1 3 1 1 1 4 2 2 4 3 1 1 5 4,62,1.878788,18,0.545455,-9.696237,3077
734,367,14,1 1 1 2 1 5 1 4 4 1 1 2 3 4,31,2.214286,7,0.500000,-8.810525,1397
735,735,14,1 1 1 1 3 5 1 4 4 1 1 2 3 4,32,2.285714,7,0.500000,-9.810525,3725
736,23,4,1 1 5 4,11,2.750000,2,0.500000,-4.660150,53
737,737,50,2 2 1 1 1 1 2 1 2 2 5 3 1 1 1 2 2 1 2 1 1 2 1 1 1 2 3 1 1 2 1 2 1 1 1 1 1 3 1 1 1 4 2 2 4 3 1 1 5 4,89,1.780000,27,0.540000,-9.751875,3077
738,369,4,2 6 3 4,15,3.750000,0,0.000000,-8.660150,369
739,739,4,1 8 3 4,16,4.000000,1,0.250000,-9.660150,1109
740,185,14,2 1 2 3 1 2 1 4 1 3 1 2 3 4,30,2.142857,5,0.357143,-7.810525,209
741,741,14,4 1 2 3 1 2 1 4 1 3 1 2 3 4,32,2.285714,5,0.357143,-9.810525,741
742,371,14,1 3 2 3 1 2 1 4 1 3 1 2 3 4,31,2.214286,5,0.357143,-8.810525,557
743,743,33,1 1 2 1 1 2 1 1 2 2 1 2 1 2 4 3 1 1 1 2 1 1 1 1 4 2 2 4 3 1 1 5 4,62,1.878788,17,0.515152,-9.696237,4769
744,93,4,3 1 5 4,13,3.250000,1,0.250000,-6.660150,93
745,745,31,2 1 1 1 2 2 1 1 2 1 4 2 1 2 1 2 2 2 1 1 1 6 1 2 2 4 1 1 2 3 4,59,1.903226,14,0.451613,-9.866162,2693
746,373,4,5 1 5 4,15,3.750000,1,0.250000,-8.660150,373
747,747,14,1 2 2 1 1 3 6 2 1 3 1 2 3 4,32,2.285714,5,0.357143,-9.810525,1421
748,187,14,1 2 1 3 1 1 3 4 1 3 1 2 3 4,30,2.142857,6,0.428571,-7.810525,317
749,749,14,3 2 1 3 1 1 3 4 1 3 1 2 3 4,32,2.285714,5,0.357143,-9.810525,749
750,375,14,1 1 3 3 1 1 3 4 1 3 1 2 3 4,31,2.214286,6,0.428571,-8.810525,845
751,751,50,1 1 1 2 1 1 1 2 1 3 1 1 7 1 1 1 4 1 2 1 1 2 1 1 1 2 3 1 1 2 1 2 1 1 1 1 1 3 1 1 1 4 2 2 4 3 1 1 5 4,89,1.780000,31,0.620000,-9.751875,7229
752,47,38,1 1 1 2 2 1 2 1 1 2 1 1 1 2 3 1 1 2 1 2 1 1 1 1 1 3 1 1 1 4 2 2 4 3 1 1 5 4,66,1.736842,22,0.578947,-5.771425,3077
753,753,4,2 5 5 4,16,4.000000,0,0.000000,-9.660150,753
754,377,21,2 1 2 1 1 1 1 1 3 1 1 1 4 2 2 4 3 1 1 5 4,42,2.000000,11,0.523810,-8.715787,3077
755,755,21,1 3 2 1 1 1 1 1 3 1 1 1 4 2 2 4 3 1 1 5 4,43,2.047619,11,0.523810,-9.715787,3077
756,189,38,3 1 1 2 2 1 2 1 1 2 1 1 1 2 3 1 1 2 1 2 1 1 1 1 1 3 1 1 1 4 2 2 4 3 1 1 5 4,68,1.789474,21,0.552632,-7.771425,3077
757,757,38,5 1 1 2 2 1 2 1 1 2 1 1 1 2 3 1 1 2 1 2 1 1 1 1 1 3 1 1 1 4 2 2 4 3 1 1 5 4,70,1.842105,21,0.552632,-9.771425,3077
758,379,19,1 2 1 2 2 2 1 1 1 6 1 2 2 4 1 1 2 3 4,39,2.052632,8,0.421053,-8.885712,917
759,759,19,1 1 3 2 2 2 1 1 1 6 1 2 2 4 1 1 2 3 4,40,2.105263,8,0.421053,-9.885712,1709
760,95,38,1 1 1 1 4 1 2 1 1 2 1 1 1 2 3 1 1 2 1 2 1 1 1 1 1 3 1 1 1 4 2 2 4 3 1 1 5 4,67,1.763158,23,0.605263,-6.771425,3077
761,761,9,2 1 2 1 4 5 2 3 4,24,2.666667,2,0.222222,-9.735337,965
762,381,38,3 1 1 1 4 1 2 1 1 2 1 1 1 2 3 1 1 2 1 2 1 1 1 1 1 3 1 1 1 4 2 2 4 3 1 1 5 4,69,1.815789,22,0.578947,-8.771425,3077
763,763,55,1 2 1 2 1 1 2 2 2 1 1 6 2 2 1 1 3 1 1 1 2 2 1 2 1 1 2 1 1 1 2 3 1 1 2 1 2 1 1 1 1 1 3 1 1 1 4 2 2 4 3 1 1 5 4,97,1.763636,30,0.545455,-9.827062,3077
764,191,14,1 1 1 1 1 2 4 3 3 3 1 2 3 4,30,2.142857,6,0.428571,-7.810525,1457
765,765,14,3 1 1 1 1 2 4 3 3 3 1 2 3 4,32,2.285714,5,0.357143,-9.810525,1457
766,383,14,1 1 1 1 1 1 6 3 3 3 1 2 3 4,31,2.214286,7,0.500000,-8.810525,4373
767,767,19,1 1 1 1 1 1 1 2 2 7 3 2 2 4 1 1 2 3 4,40,2.105263,9,0.473684,-9.885712,13121
768,3,2,1 4,5,2.500000,1,0.500000,-1.830075,5
769,769,9,2 2 2 4 3 1 1 5 4,24,2.666667,2,0.222222,-9.735337,769
770,385,9,2 2 2 1 5 1 1 5 4,23,2.555556,3,0.333333,-8.735337,385
771,771,9,1 4 2 1 5 1 1 5 4,24,2.666667,4,0.444444,-9.735337,1157
772,193,43,2 2 3 2 1 1 1 1 2 2 1 2 1 1 2 1 1 1 2 3 1 1 2 1 2 1 1 1 1 1 3 1 1 1 4 2 2 4 3 1 1 5 4,76,1.767442,23,0.534884,-7.846612,3077
773,773,43,4 2 3 2 1 1 1 1 2 2 1 2 1 1 2 1 1 1 2 3 1 1 2 1 2 1 1 1 1 1 3 1 1 1 4 2 2 4 3 1 1 5 4,78,1.813953,23,0.534884,-9.846612,3077
774,387,43,1 4 3 2 1 1 1 1 2 2 1 2 1 1 2 1 1 1 2 3 1 1 2 1 2 1 1 1 1 1 3 1 1 1 4 2 2 4 3 1 1 5 4,77,1.790698,24,0.558140,-8.846612,3077
775,775,55,1 1 2 3 1 2 2 1 1 1 1 2 1 2 2 5 3 1 1 1 2 2 1 2 1 1 2 1 1 1 2 3 1 1 2 1 2 1 1 1 1 1 3 1 1 1 4 2 2 4 3 1 1 5 4,97,1.763636,30,0.545455,-9.827062,3077
776,97,43,2 2 1 1 3 1 1 1 2 2 1 2 1 1 2 1 1 1 2 3 1 1 2 1 2 1 1 1 1 1 3 1 1 1 4 2 2 4 3 1 1 5 4,75,1.744186,24,0.558140,-6.846612,3077
777,777,9,2 1 1 2 2 1 8 3 4,24,2.666667,3,0.333333,-9.735337,1313
778,389,43,4 2 1 1 3 1 1 1 2 2 1 2 1 1 2 1 1 1 2 3 1 1 2 1 2 1 1 1 1 1 3 1 1 1 4 2 2 4 3 1 1 5 4,77,1.790698,24,0.558140,-8.846612,3077
779,779,19,1 2 3 2 1 1 3 2 3 1 2 1 4 1 3 1 2 3 4,40,2.105263,7,0.368421,-9.885712,1169
780,195,43,1 4 1 1 3 1 1 1 2 2 1 2 1 1 2 1 1 1 2 3 1 1 2 1 2 1 1 1 1 1 3 1 1 1 4 2 2 4 3 1 1 5 4,76,1.767442,25,0.581395,-7.846612,3077
781,781,43,3 4 1 1 3 1 1 1 2 2 1 2 1 1 2 1 1 1 2 3 1 1 2 1 2 1 1 1 1 1 3 1 1 1 4 2 2 4 3 1 1 5 4,78,1.813953,24,0.558140,-9.846612,3077
782,391,43,1 1 2 6 1 1 1 1 2 2 1 2 1 1 2 1 1 1 2 3 1 1 2 1 2 1 1 1 1 1 3 1 1 1 4 2 2 4 3 1 1 5 4,77,1.790698,25,0.581395,-8.846612,3077
783,783,43,1 1 1 8 1 1 1 1 2 2 1 2 1 1 2 1 1 1 2 3 1 1 2 1 2 1 1 1 1 1 3 1 1 1 4 2 2 4 3 1 1 5 4,78,1.813953,26,0.604651,-9.846612,3077
784,49,7,2 4 1 1 2 3 4,17,2.428571,2,0.285714,-5.905262,49
785,785,43,2 3 3 1 3 1 1 1 2 2 1 2 1 1 2 1 1 1 2 3 1 1 2 1 2 1 1 1 1 1 3 1 1 1 4 2 2 4 3 1 1 5 4,78,1.813953,23,0.534884,-9.846612,3077
786,393,19,2 1 1 2 1 3 2 1 3 1 1 3 4 1 3 1 2 3 4,39,2.052632,8,0.421053,-8.885712,749
787,787,19,1 3 1 2 1 3 2 1 3 1 1 3 4 1 3 1 2 3 4,40,2.105263,8,0.421053,-9.885712,1181
788,197,7,4 4 1 1 2 3 4,19,2.714286,2,0.285714,-7.905262,197
789,789,7,6 4 1 1 2 3 4,21,3.000000,2,0.285714,-9.905262,789
790,395,26,1 2 3 1 1 2 1 2 1 1 1 1 1 3 1 1 1 4 2 2 4 3 1 1 5 4,50,1.923077,14,0.538462,-8.790975,3077
791,791,26,1 1 5 1 1 2 1 2 1 1 1 1 1 3 1 1 1 4 2 2 4 3 1 1 5 4,51,1.961538,15,0.576923,-9.790975,3077
792,99,7,1 6 1 1 2 3 4,18,2.571429,3,0.428571,-6.905262,149
793,793,26,2 1 3 1 1 1 3 2 1 1 1 1 1 3 1 1 1 4 2 2 4 3 1 1 5 4,51,1.961538,14,0.538462,-9.790975,3077
794,397,7,3 6 1 1 2 3 4,20,2.857143,2,0.285714,-8.905262,397
795,795,36,1 2 1 1 1 1 1 1 3 1 3 2 1 1 1 3 3 1 1 1 1 1 1 1 2 2 7 3 2 2 4 1 1 2 3 4,67,1.861111,20,0.555556,-9.941350,13121
796,199,43,1 1 2 2 3 1 1 1 1 4 1 2 1 1 2 1 1 1 2 3 1 1 2 1 2 1 1 1 1 1 3 1 1 1 4 2 2 4 3 1 1 5 4,76,1.767442,25,0.581395,-7.846612,3077
797,797,43,3 1 2 2 3 1 1 1 1 4 1 2 1 1 2 1 1 1 2 3 1 1 2 1 2 1 1 1 1 1 3 1 1 1 4 2 2 4 3 1 1 5 4,78,1.813953,24,0.558140,-9.846612,3077
798,399,43,1 1 1 4 3 1 1 1 1 4 1 2 1 1 2 1 1 1 2 3 1 1 2 1 2 1 1 1 1 1 3 1 1 1 4 2 2 4 3 1 1 5 4,77,1.790698,26,0.604651,-8.846612,3077
799,799,24,1 1 1 1 2 3 1 3 2 2 2 1 1 1 6 1 2 2 4 1 1 2 3 4,48,2.000000,11,0.458333,-9.960900,4049
800,25,7,2 1 3 1 2 3 4,16,2.285714,2,0.285714,-4.905262,29
801,801,19,2 2 1 4 1 1 1 1 1 1 2 4 3 3 3 1 2 3 4,40,2.105263,8,0.421053,-9.885712,1457
802,401,4,2 3 2 8,15,3.750000,0,0.000000,-8.660150,401
803,803,4,1 5 2 8,16,4.000000,1,0.250000,-9.660150,1205
804,201,4,2 1 1 10,14,3.500000,2,0.500000,-7.660150,341
805,805,4,4 1 1 10,16,4.000000,2,0.500000,-9.660150,805
806,403,4,1 3 1 10,15,3.750000,2,0.500000,-8.660150,605
807,807,24,1 1 2 1 3 1 1 1 1 1 1 1 2 2 7 3 2 2 4 1 1 2 3 4,48,2.000000,12,0.500000,-9.960900,13121
808,101,7,4 1 3 1 2 3 4,18,2.571429,2,0.285714,-6.905262,101
809,809,14,2 1 1 1 1 4 2 2 4 3 1 1 5 4,32,2.285714,6,0.428571,-9.810525,3077
810,405,7,6 1 3 1 2 3 4,20,2.857143,2,0.285714,-8.905262,405
811,811,48,1 2 2 3 2 2 2 3 2 1 1 1 1 2 2 1 2 1 1 2 1 1 1 2 3 1 1 2 1 2 1 1 1 1 1 3 1 1 1 4 2 2 4 3 1 1 5 4,86,1.791667,24,0.500000,-9.921800,3077
812,203,12,1 2 4 1 2 2 4 1 1 2 3 4,27,2.250000,4,0.333333,-7.980450,305
813,813,12,3 2 4 1 2 2 4 1 1 2 3 4,29,2.416667,3,0.250000,-9.980450,813
814,407,12,1 1 6 1 2 2 4 1 1 2 3 4,28,2.333333,5,0.416667,-8.980450,917
815,815,48,1 1 1 2 2 3 4 3 2 1 1 1 1 2 2 1 2 1 1 2 1 1 1 2 3 1 1 2 1 2 1 1 1 1 1 3 1 1 1 4 2 2 4 3 1 1 5 4,86,1.791667,26,0.541667,-9.921800,3077
816,51,7,1 3 3 1 2 3 4,17,2.428571,2,0.285714,-5.905262,77
817,817,12,2 4 1 3 2 2 4 1 1 2 3 4,29,2.416667,3,0.250000,-9.980450,817
818,409,12,2 1 3 3 2 2 4 1 1 2 3 4,28,2.333333,3,0.250000,-8.980450,461
819,819,12,1 3 3 3 2 2 4 1 1 2 3 4,29,2.416667,3,0.250000,-9.980450,1229
820,205,7,3 3 3 1 2 3 4,19,2.714286,1,0.142857,-7.905262,205
821,821,7,5 3 3 1 2 3 4,21,3.000000,1,0.142857,-9.905262,821
822,411,48,1 2 1 1 1 3 1 2 6 1 1 1 1 2 2 1 2 1 1 2 1 1 1 2 3 1 1 2 1 2 1 1 1 1 1 3 1 1 1 4 2 2 4 3 1 1 5 4,85,1.770833,28,0.583333,-8.921800,3077
823,823,48,1 1 3 1 1 3 1 2 6 1 1 1 1 2 2 1 2 1 1 2 1 1 1 2 3 1 1 2 1 2 1 1 1 1 1 3 1 1 1 4 2 2 4 3 1 1 5 4,86,1.791667,28,0.583333,-9.921800,3077
824,103,31,1 1 2 1 1 1 2 3 1 1 2 1 2 1 1 1 1 1 3 1 1 1 4 2 2 4 3 1 1 5 4,56,1.806452,18,0.580645,-6.866162,3077
825,825,48,2 1 2 2 1 2 3 3 1 3 1 1 1 2 2 1 2 1 1 2 1 1 1 2 3 1 1 2 1 2 1 1 1 1 1 3 1 1 1 4 2 2 4 3 1 1 5 4,86,1.791667,25,0.520833,-9.921800,3077
826,413,31,3 1 2 1 1 1 2 3 1 1 2 1 2 1 1 1 1 1 3 1 1 1 4 2 2 4 3 1 1 5 4,58,1.870968,17,0.548387,-8.866162,3077
827,827,12,1 2 1 5 1 4 4 1 1 2 3 4,29,2.416667,5,0.416667,-9.980450,1397
828,207,31,1 1 1 3 1 1 2 3 1 1 2 1 2 1 1 1 1 1 3 1 1 1 4 2 2 4 3 1 1 5 4,57,1.838710,18,0.580645,-7.866162,3077
829,829,31,3 1 1 3 1 1 2 3 1 1 2 1 2 1 1 1 1 1 3 1 1 1 4 2 2 4 3 1 1 5 4,59,1.903226,17,0.548387,-9.866162,3077
830,415,48,1 1 1 1 2 1 2 2 5 3 1 1 1 2 2 1 2 1 1 2 1 1 1 2 3 1 1 2 1 2 1 1 1 1 1 3 1 1 1 4 2 2 4 3 1 1 5 4,85,1.770833,27,0.562500,-8.921800,3077
831,831,48,1 1 1 1 1 3 2 2 5 3 1 1 1 2 2 1 2 1 1 2 1 1 1 2 3 1 1 2 1 2 1 1 1 1 1 3 1 1 1 4 2 2 4 3 1 1 5 4,86,1.791667,27,0.562500,-9.921800,6317
832,13,2,3 4,7,3.500000,0,0.000000,-3.830075,13
833,833,7,2 2 7 1 2 3 4,21,3.000000,1,0.142857,-9.905262,833
834,417,48,2 2 1 2 2 1 1 2 2 3 1 1 1 1 4 1 2 1 1 2 1 1 1 2 3 1 1 2 1 2 1 1 1 1 1 3 1 1 1 4 2 2 4 3 1 1 5 4,85,1.770833,26,0.541667,-8.921800,3077
835,835,48,1 4 1 2 2 1 1 2 2 3 1 1 1 1 4 1 2 1 1 2 1 1 1 2 3 1 1 2 1 2 1 1 1 1 1 3 1 1 1 4 2 2 4 3 1 1 5 4,86,1.791667,27,0.562500,-9.921800,3077
836,209,12,2 3 1 2 1 4 1 3 1 2 3 4,27,2.250000,4,0.333333,-7.980450,209
837,837,12,4 3 1 2 1 4 1 3 1 2 3 4,29,2.416667,4,0.333333,-9.980450,837
838,419,12,1 5 1 2 1 4 1 3 1 2 3 4,28,2.333333,5,0.416667,-8.980450,629
839,839,29,1 1 2 2 1 1 2 1 4 2 1 2 1 2 2 2 1 1 1 6 1 2 2 4 1 1 2 3 4,56,1.931034,13,0.448276,-10.036087,2693
840,105,12,2 1 1 1 3 4 1 3 1 2 3 4,26,2.166667,5,0.416667,-6.980450,269
841,841,12,2 1 1 3 6 2 1 3 1 2 3 4,29,2.416667,4,0.333333,-9.980450,1421
842,421,12,4 1 1 1 3 4 1 3 1 2 3 4,28,2.333333,5,0.416667,-8.980450,421
843,843,12,1 2 5 2 1 4 1 3 1 2 3 4,29,2.416667,4,0.333333,-9.980450,1265
844,211,12,1 3 1 1 3 4 1 3 1 2 3 4,27,2.250000,5,0.416667,-7.980450,317
845,845,12,3 3 1 1 3 4 1 3 1 2 3 4,29,2.416667,4,0.333333,-9.980450,845
846,423,9,1 1 2 1 2 4 1 1 10,23,2.555556,5,0.555556,-8.735337,1073
847,847,9,1 1 1 3 2 4 1 1 10,24,2.666667,5,0.555556,-9.735337,2861
848,53,2,5 4,9,4.500000,0,0.000000,-5.830075,53
849,849,19,2 3 1 1 1 2 1 1 1 1 4 2 2 4 3 1 1 5 4,40,2.105263,9,0.473684,-9.885712,3077
850,425,19,2 1 1 1 1 1 3 1 1 1 4 2 2 4 3 1 1 5 4,39,2.052632,10,0.526316,-8.885712,3077
851,851,19,1 3 1 1 1 1 3 1 1 1 4 2 2 4 3 1 1 5 4,40,2.105263,10,0.526316,-9.885712,3077
852,213,2,7 4,11,5.500000,0,0.000000,-7.830075,213
853,853,2,9 4,13,6.500000,0,0.000000,-9.830075,853
854,427,17,1 2 2 2 1 1 1 6 1 2 2 4 1 1 2 3 4,36,2.117647,7,0.411765,-9.055637,917
855,855,17,1 1 4 2 1 1 1 6 1 2 2 4 1 1 2 3 4,37,2.176471,8,0.470588,-10.055637,1925
856,107,36,1 2 2 1 2 1 1 2 1 1 1 2 3 1 1 2 1 2 1 1 1 1 1 3 1 1 1 4 2 2 4 3 1 1 5 4,64,1.777778,20,0.555556,-6.941350,3077
857,857,7,2 1 4 5 2 3 4,21,3.000000,1,0.142857,-9.905262,965
858,429,36,3 2 2 1 2 1 1 2 1 1 1 2 3 1 1 2 1 2 1 1 1 1 1 3 1 1 1 4 2 2 4 3 1 1 5 4,66,1.833333,19,0.527778,-8.941350,3077
859,859,53,1 2 1 1 2 2 2 1 1 6 2 2 1 1 3 1 1 1 2 2 1 2 1 1 2 1 1 1 2 3 1 1 2 1 2 1 1 1 1 1 3 1 1 1 4 2 2 4 3 1 1 5 4,94,1.773585,29,0.547170,-9.996987,3077
860,215,36,1 1 4 1 2 1 1 2 1 1 1 2 3 1 1 2 1 2 1 1 1 1 1 3 1 1 1 4 2 2 4 3 1 1 5 4,65,1.805556,21,0.583333,-7.941350,3077
861,861,36,3 1 4 1 2 1 1 2 1 1 1 2 3 1 1 2 1 2 1 1 1 1 1 3 1 1 1 4 2 2 4 3 1 1 5 4,67,1.861111,20,0.555556,-9.941350,3077
862,431,12,1 1 1 2 4 3 3 3 1 2 3 4,28,2.333333,4,0.333333,-8.980450,1457
863,863,12,1 1 1 1 6 3 3 3 1 2 3 4,29,2.416667,5,0.416667,-9.980450,4373
864,27,41,1 2 1 1 1 1 2 2 1 2 1 1 2 1 1 1 2 3 1 1 2 1 2 1 1 1 1 1 3 1 1 1 4 2 2 4 3 1 1 5 4,70,1.707317,24,0.585366,-5.016537,3077
865,865,53,2 2 1 1 2 1 1 3 1 1 3 1 2 6 1 1 1 1 2 2 1 2 1 1 2 1 1 1 2 3 1 1 2 1 2 1 1 1 1 1 3 1 1 1 4 2 2 4 3 1 1 5 4,94,1.773585,30,0.566038,-9.996987,3077
866,433,7,2 4 3 1 1 5 4,20,2.857143,2,0.285714,-8.905262,433
867,867,7,1 6 3 1 1 5 4,21,3.000000,3,0.428571,-9.905262,1301
868,217,7,2 1 5 1 1 5 4,19,2.714286,3,0.428571,-7.905262,245
869,869,7,4 1 5 1 1 5 4,21,3.000000,3,0.428571,-9.905262,869
870,435,7,1 3 5 1 1 5 4,20,2.857143,3,0.428571,-8.905262,653
871,871,65,1 1 2 1 1 1 1 1 2 1 1 1 1 1 2 4 2 1 2 1 4 3 3 1 2 2 3 1 1 1 1 4 1 2 1 1 2 1 1 1 2 3 1 1 2 1 2 1 1 1 1 1 3 1 1 1 4 2 2 4 3 1 1 5 4,113,1.738462,38,0.584615,-9.977437,63665
872,109,41,3 2 1 1 1 1 2 2 1 2 1 1 2 1 1 1 2 3 1 1 2 1 2 1 1 1 1 1 3 1 1 1 4 2 2 4 3 1 1 5 4,72,1.756098,23,0.560976,-7.016537,3077
873,873,53,2 1 1 1 4 1 1 1 1 2 1 2 2 5 3 1 1 1 2 2 1 2 1 1 2 1 1 1 2 3 1 1 2 1 2 1 1 1 1 1 3 1 1 1 4 2 2 4 3 1 1 5 4,94,1.773585,30,0.566038,-9.996987,3077
874,437,41,5 2 1 1 1 1 2 2 1 2 1 1 2 1 1 1 2 3 1 1 2 1 2 1 1 1 1 1 3 1 1 1 4 2 2 4 3 1 1 5 4,74,1.804878,23,0.560976,-9.016537,3077
875,875,7,1 2 2 1 8 3 4,21,3.000000,2,0.285714,-9.905262,1313
876,219,17,1 2 1 1 3 2 3 1 2 1 4 1 3 1 2 3 4,35,2.058824,7,0.411765,-8.055637,557
877,877,17,3 2 1 1 3 2 3 1 2 1 4 1 3 1 2 3 4,37,2.176471,6,0.352941,-10.055637,877
878,439,17,1 1 3 1 3 2 3 1 2 1 4 1 3 1 2 3 4,36,2.117647,7,0.411765,-9.055637,989
879,879,53,1 1 1 2 1 3 4 1 2 2 1 1 2 2 3 1 1 1 1 4 1 2 1 1 2 1 1 1 2 3 1 1 2 1 2 1 1 1 1 1 3 1 1 1 4 2 2 4 3 1 1 5 4,94,1.773585,30,0.566038,-9.996987,3341
880,55,41,1 1 3 1 1 1 2 2 1 2 1 1 2 1 1 1 2 3 1 1 2 1 2 1 1 1 1 1 3 1 1 1 4 2 2 4 3 1 1 5 4,71,1.731707,24,0.585366,-6.016537,3077
881,881,41,2 6 1 1 1 1 2 2 1 2 1 1 2 1 1 1 2 3 1 1 2 1 2 1 1 1 1 1 3 1 1 1 4 2 2 4 3 1 1 5 4,75,1.829268,23,0.560976,-10.016537,3077
882,441,7,2 1 2 5 1 5 4,20,2.857143,2,0.285714,-8.905262,497
883,883,7,1 3 2 5 1 5 4,21,3.000000,2,0.285714,-9.905262,1325
884,221,41,3 1 3 1 1 1 2 2 1 2 1 1 2 1 1 1 2 3 1 1 2 1 2 1 1 1 1 1 3 1 1 1 4 2 2 4 3 1 1 5 4,73,1.780488,23,0.560976,-8.016537,3077
885,885,41,5 1 3 1 1 1 2 2 1 2 1 1 2 1 1 1 2 3 1 1 2 1 2 1 1 1 1 1 3 1 1 1 4 2 2 4 3 1 1 5 4,75,1.829268,23,0.560976,-10.016537,3077
886,443,17,1 2 1 3 2 1 3 1 1 3 4 1 3 1 2 3 4,36,2.117647,7,0.411765,-9.055637,749
887,887,17,1 1 3 3 2 1 3 1 1 3 4 1 3 1 2 3 4,37,2.176471,7,0.411765,-10.055637,1997
888,111,24,1 1 1 2 1 2 1 1 1 1 1 3 1 1 1 4 2 2 4 3 1 1 5 4,45,1.875000,14,0.583333,-6.960900,3077
889,889,53,2 1 2 1 1 1 2 1 1 1 2 1 3 1 1 7 1 1 1 4 1 2 1 1 2 1 1 1 2 3 1 1 2 1 2 1 1 1 1 1 3 1 1 1 4 2 2 4 3 1 1 5 4,94,1.773585,32,0.603774,-9.996987,7229
890,445,24,3 1 1 2 1 2 1 1 1 1 1 3 1 1 1 4 2 2 4 3 1 1 5 4,47,1.958333,13,0.541667,-8.960900,3077
891,891,14,1 2 1 2 2 1 1 1 3 2 4 1 1 10,32,2.285714,7,0.500000,-9.810525,2861
892,223,24,1 1 1 1 3 2 1 1 1 1 1 3 1 1 1 4 2 2 4 3 1 1 5 4,46,1.916667,14,0.583333,-7.960900,3077
893,893,24,3 1 1 1 3 2 1 1 1 1 1 3 1 1 1 4 2 2 4 3 1 1 5 4,48,2.000000,13,0.541667,-9.960900,3077
894,447,34,1 1 1 1 1 2 1 1 3 2 1 1 1 3 3 1 1 1 1 1 1 1 2 2 7 3 2 2 4 1 1 2 3 4,63,1.852941,19,0.558824,-9.111275,13121
895,895,34,1 1 1 1 1 1 3 1 3 2 1 1 1 3 3 1 1 1 1 1 1 1 2 2 7 3 2 2 4 1 1 2 3 4,64,1.882353,19,0.558824,-10.111275,13121
896,7,5,1 1 2 3 4,11,2.200000,2,0.400000,-3.075187,17
897,897,22,2 2 2 1 2 1 2 2 2 1 1 1 6 1 2 2 4 1 1 2 3 4,45,2.045455,8,0.363636,-10.130825,917
898,449,41,2 2 3 1 1 1 1 4 1 2 1 1 2 1 1 1 2 3 1 1 2 1 2 1 1 1 1 1 3 1 1 1 4 2 2 4 3 1 1 5 4,74,1.804878,23,0.560976,-9.016537,3077
899,899,41,1 4 3 1 1 1 1 4 1 2 1 1 2 1 1 1 2 3 1 1 2 1 2 1 1 1 1 1 3 1 1 1 4 2 2 4 3 1 1 5 4,75,1.829268,24,0.585366,-10.016537,3077
900,225,17,2 2 1 1 1 1 1 1 2 4 3 3 3 1 2 3 4,35,2.058824,7,0.411765,-8.055637,1457
901,901,17,4 2 1 1 1 1 1 1 2 4 3 3 3 1 2 3 4,37,2.176471,7,0.411765,-10.055637,1457
902,451,17,1 4 1 1 1 1 1 1 2 4 3 3 3 1 2 3 4,36,2.117647,8,0.470588,-9.055637,1457
903,903,41,1 1 2 5 1 1 1 4 1 2 1 1 2 1 1 1 2 3 1 1 2 1 2 1 1 1 1 1 3 1 1 1 4 2 2 4 3 1 1 5 4,75,1.829268,24,0.585366,-10.016537,3077
904,113,2,2 8,10,5.000000,0,0.000000,-6.830075,113
905,905,22,2 1 1 2 1 2 1 2 3 2 2 1 3 3 2 2 4 1 1 2 3 4,45,2.045455,7,0.318182,-10.130825,1937
906,453,2,4 8,12,6.000000,0,0.000000,-8.830075,453
907,907,17,1 2 3 1 1 1 1 1 1 6 3 3 3 1 2 3 4,37,2.176471,8,0.470588,-10.055637,4373
908,227,2,1 10,11,5.500000,1,0.500000,-7.830075,341
909,909,2,3 10,13,6.500000,0,0.000000,-9.830075,909
910,455,12,1 1 2 2 2 2 4 3 1 1 5 4,28,2.333333,4,0.333333,-8.980450,1025
911,911,12,1 1 1 4 2 2 4 3 1 1 5 4,29,2.416667,5,0.416667,-9.980450,3077
912,57,10,2 1 2 2 4 1 1 2 3 4,22,2.200000,3,0.300000,-6.150375,65
913,913,46,2 3 2 2 2 3 2 1 1 1 1 2 2 1 2 1 1 2 1 1 1 2 3 1 1 2 1 2 1 1 1 1 1 3 1 1 1 4 2 2 4 3 1 1 5 4,83,1.804348,23,0.500000,-10.091725,3077
914,457,46,2 1 1 4 2 3 2 1 1 1 1 2 2 1 2 1 1 2 1 1 1 2 3 1 1 2 1 2 1 1 1 1 1 3 1 1 1 4 2 2 4 3 1 1 5 4,82,1.782609,25,0.543478,-9.091725,3077
915,915,46,1 3 1 4 2 3 2 1 1 1 1 2 2 1 2 1 1 2 1 1 1 2 3 1 1 2 1 2 1 1 1 1 1 3 1 1 1 4 2 2 4 3 1 1 5 4,83,1.804348,25,0.543478,-10.091725,3077
916,229,10,4 1 2 2 4 1 1 2 3 4,24,2.400000,3,0.300000,-8.150375,229
917,917,10,6 1 2 2 4 1 1 2 3 4,26,2.600000,3,0.300000,-10.150375,917
918,459,46,1 2 4 2 2 1 1 3 1 1 1 2 2 1 2 1 1 2 1 1 1 2 3 1 1 2 1 2 1 1 1 1 1 3 1 1 1 4 2 2 4 3 1 1 5 4,82,1.782609,25,0.543478,-9.091725,3077
919,919,46,1 1 6 2 2 1 1 3 1 1 1 2 2 1 2 1 1 2 1 1 1 2 3 1 1 2 1 2 1 1 1 1 1 3 1 1 1 4 2 2 4 3 1 1 5 4,83,1.804348,26,0.565217,-10.091725,3077
920,115,10,1 3 2 2 4 1 1 2 3 4,23,2.300000,3,0.300000,-7.150375,173
921,921,46,2 1 3 4 2 1 1 3 1 1 1 2 2 1 2 1 1 2 1 1 1 2 3 1 1 2 1 2 1 1 1 1 1 3 1 1 1 4 2 2 4 3 1 1 5 4,83,1.804348,25,0.543478,-10.091725,3077
922,461,10,3 3 2 2 4 1 1 2 3 4,25,2.500000,2,0.200000,-9.150375,461
923,923,22,1 2 1 1 1 5 2 1 1 3 2 3 1 2 1 4 1 3 1 2 3 4,45,2.045455,10,0.454545,-10.130825,3509
924,231,46,1 1 2 1 1 2 6 1 1 1 1 2 2 1 2 1 1 2 1 1 1 2 3 1 1 2 1 2 1 1 1 1 1 3 1 1 1 4 2 2 4 3 1 1 5 4,81,1.760870,27,0.586957,-8.091725,3077
925,925,46,3 1 2 1 1 2 6 1 1 1 1 2 2 1 2 1 1 2 1 1 1 2 3 1 1 2 1 2 1 1 1 1 1 3 1 1 1 4 2 2 4 3 1 1 5 4,83,1.804348,26,0.565217,-10.091725,3077
926,463,46,1 1 1 3 1 2 6 1 1 1 1 2 2 1 2 1 1 2 1 1 1 2 3 1 1 2 1 2 1 1 1 1 1 3 1 1 1 4 2 2 4 3 1 1 5 4,82,1.782609,27,0.586957,-9.091725,3077
927,927,41,1 1 1 1 2 1 4 1 1 1 1 3 1 2 1 1 2 2 1 2 1 2 4 3 1 1 1 2 1 1 1 1 4 2 2 4 3 1 1 5 4,75,1.829268,23,0.560976,-10.016537,5285
928,29,5,3 1 2 3 4,13,2.600000,1,0.200000,-5.075187,29
929,929,46,2 2 1 2 3 3 1 3 1 1 1 2 2 1 2 1 1 2 1 1 1 2 3 1 1 2 1 2 1 1 1 1 1 3 1 1 1 4 2 2 4 3 1 1 5 4,83,1.804348,24,0.521739,-10.091725,3077
930,465,10,2 3 1 4 4 1 1 2 3 4,25,2.500000,3,0.300000,-9.150375,465
931,931,10,1 5 1 4 4 1 1 2 3 4,26,2.600000,4,0.400000,-10.150375,1397
932,233,29,2 1 1 1 2 3 1 1 2 1 2 1 1 1 1 1 3 1 1 1 4 2 2 4 3 1 1 5 4,54,1.862069,16,0.551724,-8.036087,3077
933,933,29,4 1 1 1 2 3 1 1 2 1 2 1 1 1 1 1 3 1 1 1 4 2 2 4 3 1 1 5 4,56,1.931034,16,0.551724,-10.036087,3077
934,467,29,1 3 1 1 2 3 1 1 2 1 2 1 1 1 1 1 3 1 1 1 4 2 2 4 3 1 1 5 4,55,1.896552,16,0.551724,-9.036087,3077
935,935,46,1 1 2 1 2 2 5 3 1 1 1 2 2 1 2 1 1 2 1 1 1 2 3 1 1 2 1 2 1 1 1 1 1 3 1 1 1 4 2 2 4 3 1 1 5 4,83,1.804348,25,0.543478,-10.091725,3077
936,117,5,5 1 2 3 4,15,3.000000,1,0.200000,-7.075187,117
937,937,63,2 1 1 1 1 1 2 2 1 1 1 1 1 2 1 2 2 1 1 3 4 1 1 1 2 1 1 1 1 2 1 1 2 1 1 3 2 3 1 1 2 1 1 1 5 1 1 1 1 4 2 6 3 1 2 1 4 1 3 1 2 3 4,110,1.746032,37,0.587302,-10.147362,83501
938,469,5,7 1 2 3 4,17,3.400000,1,0.200000,-9.075187,469
939,939,29,1 2 2 2 1 3 1 1 1 3 2 1 1 1 1 1 3 1 1 1 4 2 2 4 3 1 1 5 4,56,1.931034,15,0.517241,-10.036087,3077
940,235,46,1 2 2 1 1 2 2 3 1 1 1 1 4 1 2 1 1 2 1 1 1 2 3 1 1 2 1 2 1 1 1 1 1 3 1 1 1 4 2 2 4 3 1 1 5 4,81,1.760870,26,0.565217,-8.091725,3077
941,941,46,3 2 2 1 1 2 2 3 1 1 1 1 4 1 2 1 1 2 1 1 1 2 3 1 1 2 1 2 1 1 1 1 1 3 1 1 1 4 2 2 4 3 1 1 5 4,83,1.804348,25,0.543478,-10.091725,3077
942,471,46,1 1 4 1 1 2 2 3 1 1 1 1 4 1 2 1 1 2 1 1 1 2 3 1 1 2 1 2 1 1 1 1 1 3 1 1 1 4 2 2 4 3 1 1 5 4,82,1.782609,27,0.586957,-9.091725,3077
943,943,10,1 1 1 2 10 1 1 2 3 4,26,2.600000,5,0.500000,-10.150375,3185
944,59,10,1 2 1 4 1 3 1 2 3 4,22,2.200000,4,0.400000,-6.150375,101
945,945,10,2 4 4 2 1 3 1 2 3 4,26,2.600000,2,0.200000,-10.150375,945
946,473,10,2 1 6 2 1 3 1 2 3 4,25,2.500000,3,0.300000,-9.150375,533
947,947,10,1 3 6 2 1 3 1 2 3 4,26,2.600000,3,0.300000,-10.150375,1421
948,237,10,3 2 1 4 1 3 1 2 3 4,24,2.400000,3,0.300000,-8.150375,237
949,949,10,5 2 1 4 1 3 1 2 3 4,26,2.600000,3,0.300000,-10.150375,949
950,475,7,1 2 1 1 5 2 8,20,2.857143,3,0.428571,-8.905262,1205
951,951,7,1 1 3 1 5 2 8,21,3.000000,3,0.428571,-9.905262,2141
952,119,10,1 1 3 4 1 3 1 2 3 4,23,2.300000,4,0.400000,-7.150375,269
953,953,7,2 1 2 4 1 1 10,21,3.000000,3,0.428571,-9.905262,1073
954,477,10,3 1 3 4 1 3 1 2 3 4,25,2.500000,3,0.300000,-9.150375,477
955,955,7,1 2 1 3 3 1 10,21,3.000000,3,0.428571,-9.905262,1613
956,239,17,1 1 1 2 1 1 1 1 4 2 2 4 3 1 1 5 4,35,2.058824,9,0.529412,-8.055637,3077
957,957,17,3 1 1 2 1 1 1 1 4 2 2 4 3 1 1 5 4,37,2.176471,8,0.470588,-10.055637,3077
958,479,17,1 1 1 1 3 1 1 1 4 2 2 4 3 1 1 5 4,36,2.117647,9,0.529412,-9.055637,3077
959,959,46,1 1 1 1 1 2 1 2 1 1 2 3 5 3 2 1 1 2 1 1 1 2 3 1 1 2 1 2 1 1 1 1 1 3 1 1 1 4 2 2 4 3 1 1 5 4,83,1.804348,26,0.565217,-10.091725,13841
960,15,5,1 1 1 5 4,12,2.400000,3,0.600000,-4.075187,53
961,961,15,2 2 3 1 2 4 1 2 2 4 1 1 2 3 4,34,2.266667,4,0.266667,-10.225562,961
962,481,15,2 2 1 1 1 6 1 2 2 4 1 1 2 3 4,33,2.200000,6,0.400000,-9.225562,917
963,963,15,1 4 1 1 1 6 1 2 2 4 1 1 2 3 4,34,2.266667,7,0.466667,-10.225562,1445
964,241,5,2 5 2 3 4,16,3.200000,0,0.000000,-8.075187,241
965,965,5,4 5 2 3 4,18,3.600000,0,0.000000,-10.075187,965
966,483,5,1 7 2 3 4,17,3.400000,1,0.200000,-9.075187,725
967,967,51,1 1 2 2 2 1 1 6 2 2 1 1 3 1 1 1 2 2 1 2 1 1 2 1 1 1 2 3 1 1 2 1 2 1 1 1 1 1 3 1 1 1 4 2 2 4 3 1 1 5 4,91,1.784314,28,0.549020,-10.166912,3077
968,121,34,2 1 2 1 1 2 1 1 1 2 3 1 1 2 1 2 1 1 1 1 1 3 1 1 1 4 2 2 4 3 1 1 5 4,61,1.794118,19,0.558824,-7.111275,3077
969,969,15,2 1 1 4 1 3 3 2 2 4 1 1 2 3 4,34,2.266667,5,0.333333,-10.225562,1637
970,485,34,4 1 2 1 1 2 1 1 1 2 3 1 1 2 1 2 1 1 1 1 1 3 1 1 1 4 2 2 4 3 1 1 5 4,63,1.852941,19,0.558824,-9.111275,3077
971,971,10,1 2 4 3 3 3 1 2 3 4,26,2.600000,2,0.200000,-10.150375,1457
972,243,34,1 3 2 1 1 2 1 1 1 2 3 1 1 2 1 2 1 1 1 1 1 3 1 1 1 4 2 2 4 3 1 1 5 4,62,1.823529,19,0.558824,-8.111275,3077
973,973,34,3 3 2 1 1 2 1 1 1 2 3 1 1 2 1 2 1 1 1 1 1 3 1 1 1 4 2 2 4 3 1 1 5 4,64,1.882353,18,0.529412,-10.111275,3077
974,487,51,1 1 2 1 1 3 1 1 3 1 2 6 1 1 1 1 2 2 1 2 1 1 2 1 1 1 2 3 1 1 2 1 2 1 1 1 1 1 3 1 1 1 4 2 2 4 3 1 1 5 4,90,1.764706,30,0.588235,-9.166912,3077
975,975,51,1 1 1 3 1 3 1 1 3 1 2 6 1 1 1 1 2 2 1 2 1 1 2 1 1 1 2 3 1 1 2 1 2 1 1 1 1 1 3 1 1 1 4 2 2 4 3 1 1 5 4,91,1.784314,30,0.588235,-10.166912,3293
976,61,5,3 1 1 5 4,14,2.800000,2,0.400000,-6.075187,61
977,977,34,2 3 1 3 1 2 1 1 1 2 3 1 1 2 1 2 1 1 1 1 1 3 1 1 1 4 2 2 4 3 1 1 5 4,64,1.882353,18,0.529412,-10.111275,3077
978,489,15,2 1 1 1 2 1 5 1 4 4 1 1 2 3 4,33,2.200000,7,0.466667,-9.225562,1397
979,979,15,1 3 1 1 2 1 5 1 4 4 1 1 2 3 4,34,2.266667,7,0.466667,-10.225562,1469
980,245,5,5 1 1 5 4,16,3.200000,2,0.400000,-8.075187,245
981,981,5,7 1 1 5 4,18,3.600000,2,0.400000,-10.075187,981
982,491,51,1 2 2 1 1 1 1 2 1 2 2 5 3 1 1 1 2 2 1 2 1 1 2 1 1 1 2 3 1 1 2 1 2 1 1 1 1 1 3 1 1 1 4 2 2 4 3 1 1 5 4,90,1.764706,28,0.549020,-9.166912,3077
983,983,51,1 1 4 1 1 1 1 2 1 2 2 5 3 1 1 1 2 2 1 2 1 1 2 1 1 1 2 3 1 1 2 1 2 1 1 1 1 1 3 1 1 1 4 2 2 4 3 1 1 5 4,91,1.784314,29,0.568627,-10.166912,3077
984,123,15,1 2 1 2 3 1 2 1 4 1 3 1 2 3 4,31,2.066667,6,0.400000,-7.225562,209
985,985,5,2 1 8 3 4,18,3.600000,1,0.200000,-10.075187,1109
986,493,15,3 2 1 2 3 1 2 1 4 1 3 1 2 3 4,33,2.200000,5,0.333333,-9.225562,493
987,987,10,1 2 1 1 4 7 1 2 3 4,26,2.600000,4,0.400000,-10.150375,2501
988,247,15,1 1 3 2 3 1 2 1 4 1 3 1 2 3 4,32,2.133333,6,0.400000,-8.225562,557
989,989,15,3 1 3 2 3 1 2 1 4 1 3 1 2 3 4,34,2.266667,5,0.333333,-10.225562,989
990,495,34,1 1 1 2 1 1 2 1 1 2 2 1 2 1 2 4 3 1 1 1 2 1 1 1 1 4 2 2 4 3 1 1 5 4,63,1.852941,18,0.529412,-9.111275,4769
991,991,34,1 1 1 1 3 1 2 1 1 2 2 1 2 1 2 4 3 1 1 1 2 1 1 1 1 4 2 2 4 3 1 1 5 4,64,1.882353,18,0.529412,-10.111275,5021
992,31,39,1 1 1 1 2 2 1 2 1 1 2 1 1 1 2 3 1 1 2 1 2 1 1 1 1 1 3 1 1 1 4 2 2 4 3 1 1 5 4,67,1.717949,23,0.589744,-5.186462,3077
993,993,32,2 2 1 1 1 2 2 1 1 2 1 4 2 1 2 1 2 2 2 1 1 1 6 1 2 2 4 1 1 2 3 4,61,1.906250,14,0.437500,-10.281200,2693
994,497,5,2 5 1 5 4,17,3.400000,1,0.200000,-9.075187,497
995,995,5,1 7 1 5 4,18,3.600000,2,0.400000,-10.075187,1493
996,249,15,2 1 2 1 3 1 1 3 4 1 3 1 2 3 4,32,2.133333,6,0.400000,-8.225562,317
997,997,15,4 1 2 1 3 1 1 3 4 1 3 1 2 3 4,34,2.266667,6,0.400000,-10.225562,997
998,499,15,1 3 2 1 3 1 1 3 4 1 3 1 2 3 4,33,2.200000,6,0.400000,-9.225562,749
999,999,15,1 1 2 1 1 7 2 1 4 1 3 1 2 3 4,34,2.266667,7,0.466667,-10.225562,3797
1000,125,39,3 1 1 1 2 2 1 2 1 1 2 1 1 1 2 3 1 1 2 1 2 1 1 1 1 1 3 1 1 1 4 2 2 4 3 1 1 5 4,69,1.769231,22,0.564103,-7.186462,3077
